"interactor.A","interactor.B","Alt..ID.s..interactor.A","Alt..ID.s..interactor.B","Alias.es..interactor.A","Alias.es..interactor.B","Interaction.detection.method.s.","Publication.1st.author.s.","Publication.Identifier.s.","Taxid.interactor.A","Taxid.interactor.B","Interaction.type.s.","Source.database.s.","Interaction.identifier.s.","Confidence.value.s.","tempa","tempb"
"O64973","O64973","intact:EBI-15620767|O81402|O82098|O82100","intact:EBI-15620767|O81402|O82098|O82100","psi-mi:rps5_arath(display_long)|RPS5(gene name)|psi-mi:RPS5(display_short)|Resistance to Pseudomonas syringae protein 5(gene name synonym)|pNd3/pNd10(gene name synonym)|T28K15.5(orf name)|At1g12220(locus name)","psi-mi:rps5_arath(display_long)|RPS5(gene name)|psi-mi:RPS5(display_short)|Resistance to Pseudomonas syringae protein 5(gene name synonym)|pNd3/pNd10(gene name synonym)|T28K15.5(orf name)|At1g12220(locus name)","psi-mi:""MI:0007""(anti tag coimmunoprecipitation)","Ade et al. (2007)","pubmed:17277084|doi:10.1073/pnas.0608779104|imex:IM-22724","taxid:3702(arath)|taxid:3702(""Arabidopsis thaliana (Mouse-ear cress)"")","taxid:3702(arath)|taxid:3702(""Arabidopsis thaliana (Mouse-ear cress)"")","psi-mi:""MI:0915""(physical association)","psi-mi:""MI:0465""(DIP)","intact:EBI-15620853|imex:IM-22724-3|dip:DIP-196640E","intact-miscore:0.40","Arabidopsis thaliana","Arabidopsis thaliana"
"O64973","O64973","intact:EBI-15620767|O81402|O82098|O82100","intact:EBI-15620767|O81402|O82098|O82100","psi-mi:rps5_arath(display_long)|RPS5(gene name)|psi-mi:RPS5(display_short)|Resistance to Pseudomonas syringae protein 5(gene name synonym)|pNd3/pNd10(gene name synonym)|T28K15.5(orf name)|At1g12220(locus name)","psi-mi:rps5_arath(display_long)|RPS5(gene name)|psi-mi:RPS5(display_short)|Resistance to Pseudomonas syringae protein 5(gene name synonym)|pNd3/pNd10(gene name synonym)|T28K15.5(orf name)|At1g12220(locus name)","psi-mi:""MI:0007""(anti tag coimmunoprecipitation)","Ade et al. (2007)","pubmed:17277084|doi:10.1073/pnas.0608779104|imex:IM-22724","taxid:3702(arath)|taxid:3702(""Arabidopsis thaliana (Mouse-ear cress)"")","taxid:3702(arath)|taxid:3702(""Arabidopsis thaliana (Mouse-ear cress)"")","psi-mi:""MI:0915""(physical association)","psi-mi:""MI:0465""(DIP)","intact:EBI-15620880|imex:IM-22724-4|dip:DIP-196640E","intact-miscore:0.40","Arabidopsis thaliana","Arabidopsis thaliana"
"O64973","O64973","intact:EBI-15620767|O81402|O82098|O82100","intact:EBI-15620767|O81402|O82098|O82100","psi-mi:rps5_arath(display_long)|RPS5(gene name)|psi-mi:RPS5(display_short)|Resistance to Pseudomonas syringae protein 5(gene name synonym)|pNd3/pNd10(gene name synonym)|T28K15.5(orf name)|At1g12220(locus name)","psi-mi:rps5_arath(display_long)|RPS5(gene name)|psi-mi:RPS5(display_short)|Resistance to Pseudomonas syringae protein 5(gene name synonym)|pNd3/pNd10(gene name synonym)|T28K15.5(orf name)|At1g12220(locus name)","psi-mi:""MI:0007""(anti tag coimmunoprecipitation)","Ade et al. (2007)","pubmed:17277084|doi:10.1073/pnas.0608779104|imex:IM-22724","taxid:3702(arath)|taxid:3702(""Arabidopsis thaliana (Mouse-ear cress)"")","taxid:3702(arath)|taxid:3702(""Arabidopsis thaliana (Mouse-ear cress)"")","psi-mi:""MI:0915""(physical association)","psi-mi:""MI:0465""(DIP)","intact:EBI-15620905|imex:IM-22724-5|dip:DIP-196640E","intact-miscore:0.40","Arabidopsis thaliana","Arabidopsis thaliana"
"O64973","O64973","intact:EBI-15620767|O81402|O82098|O82100","intact:EBI-15620767|O81402|O82098|O82100","psi-mi:rps5_arath(display_long)|RPS5(gene name)|psi-mi:RPS5(display_short)|Resistance to Pseudomonas syringae protein 5(gene name synonym)|pNd3/pNd10(gene name synonym)|T28K15.5(orf name)|At1g12220(locus name)","psi-mi:rps5_arath(display_long)|RPS5(gene name)|psi-mi:RPS5(display_short)|Resistance to Pseudomonas syringae protein 5(gene name synonym)|pNd3/pNd10(gene name synonym)|T28K15.5(orf name)|At1g12220(locus name)","psi-mi:""MI:0007""(anti tag coimmunoprecipitation)","Ade et al. (2007)","pubmed:17277084|doi:10.1073/pnas.0608779104|imex:IM-22724","taxid:3702(arath)|taxid:3702(""Arabidopsis thaliana (Mouse-ear cress)"")","taxid:3702(arath)|taxid:3702(""Arabidopsis thaliana (Mouse-ear cress)"")","psi-mi:""MI:0915""(physical association)","psi-mi:""MI:0465""(DIP)","intact:EBI-15620966|imex:IM-22724-7|dip:DIP-196640E","intact-miscore:0.40","Arabidopsis thaliana","Arabidopsis thaliana"
"O64973","O64973","intact:EBI-15620767|O81402|O82098|O82100","intact:EBI-15620767|O81402|O82098|O82100","psi-mi:rps5_arath(display_long)|RPS5(gene name)|psi-mi:RPS5(display_short)|Resistance to Pseudomonas syringae protein 5(gene name synonym)|pNd3/pNd10(gene name synonym)|T28K15.5(orf name)|At1g12220(locus name)","psi-mi:rps5_arath(display_long)|RPS5(gene name)|psi-mi:RPS5(display_short)|Resistance to Pseudomonas syringae protein 5(gene name synonym)|pNd3/pNd10(gene name synonym)|T28K15.5(orf name)|At1g12220(locus name)","psi-mi:""MI:0007""(anti tag coimmunoprecipitation)","Ade et al. (2007)","pubmed:17277084|doi:10.1073/pnas.0608779104|imex:IM-22724","taxid:3702(arath)|taxid:3702(""Arabidopsis thaliana (Mouse-ear cress)"")","taxid:3702(arath)|taxid:3702(""Arabidopsis thaliana (Mouse-ear cress)"")","psi-mi:""MI:0915""(physical association)","psi-mi:""MI:0465""(DIP)","intact:EBI-15620824|imex:IM-22724-2|dip:DIP-196640E","intact-miscore:0.40","Arabidopsis thaliana","Arabidopsis thaliana"
"O64973","O64973","intact:EBI-15620767|O81402|O82098|O82100","intact:EBI-15620767|O81402|O82098|O82100","psi-mi:rps5_arath(display_long)|RPS5(gene name)|psi-mi:RPS5(display_short)|Resistance to Pseudomonas syringae protein 5(gene name synonym)|pNd3/pNd10(gene name synonym)|T28K15.5(orf name)|At1g12220(locus name)","psi-mi:rps5_arath(display_long)|RPS5(gene name)|psi-mi:RPS5(display_short)|Resistance to Pseudomonas syringae protein 5(gene name synonym)|pNd3/pNd10(gene name synonym)|T28K15.5(orf name)|At1g12220(locus name)","psi-mi:""MI:0007""(anti tag coimmunoprecipitation)","Ade et al. (2007)","pubmed:17277084|doi:10.1073/pnas.0608779104|imex:IM-22724","taxid:3702(arath)|taxid:3702(""Arabidopsis thaliana (Mouse-ear cress)"")","taxid:3702(arath)|taxid:3702(""Arabidopsis thaliana (Mouse-ear cress)"")","psi-mi:""MI:0915""(physical association)","psi-mi:""MI:0465""(DIP)","intact:EBI-15620991|imex:IM-22724-8|dip:DIP-196640E","intact-miscore:0.40","Arabidopsis thaliana","Arabidopsis thaliana"
"Q9XGM3","Q9XGM3","intact:EBI-16102886","intact:EBI-16102886","psi-mi:rps4_arath(display_long)|""Probable NAD(+) hydrolase RPS4""(gene name synonym)|RPS4(gene name)|psi-mi:RPS4(display_short)|Resistance to Pseudomonas syringae 4(gene name synonym)|TIR-NBS-LRR class disease resistance protein(gene name synonym)|K9E15.1(orf name)|At5g45250(locus name)","psi-mi:rps4_arath(display_long)|""Probable NAD(+) hydrolase RPS4""(gene name synonym)|RPS4(gene name)|psi-mi:RPS4(display_short)|Resistance to Pseudomonas syringae 4(gene name synonym)|TIR-NBS-LRR class disease resistance protein(gene name synonym)|K9E15.1(orf name)|At5g45250(locus name)","psi-mi:""MI:0028""(cosedimentation in solution)","Williams et al. (2014)","pubmed:24744375|doi:10.1126/science.1247357|imex:IM-24681","taxid:3702(arath)|taxid:3702(""Arabidopsis thaliana (Mouse-ear cress)"")","taxid:3702(arath)|taxid:3702(""Arabidopsis thaliana (Mouse-ear cress)"")","psi-mi:""MI:0407""(direct interaction)","psi-mi:""MI:0465""(DIP)","intact:EBI-16102914|imex:IM-24681-2|dip:DIP-199444E","intact-miscore:0.69","Arabidopsis thaliana","Arabidopsis thaliana"
"Q9XGM3","Q9XGM3","intact:EBI-16102886","intact:EBI-16102886","psi-mi:rps4_arath(display_long)|""Probable NAD(+) hydrolase RPS4""(gene name synonym)|RPS4(gene name)|psi-mi:RPS4(display_short)|Resistance to Pseudomonas syringae 4(gene name synonym)|TIR-NBS-LRR class disease resistance protein(gene name synonym)|K9E15.1(orf name)|At5g45250(locus name)","psi-mi:rps4_arath(display_long)|""Probable NAD(+) hydrolase RPS4""(gene name synonym)|RPS4(gene name)|psi-mi:RPS4(display_short)|Resistance to Pseudomonas syringae 4(gene name synonym)|TIR-NBS-LRR class disease resistance protein(gene name synonym)|K9E15.1(orf name)|At5g45250(locus name)","psi-mi:""MI:0071""(molecular sieving)","Williams et al. (2014)","pubmed:24744375|doi:10.1126/science.1247357|imex:IM-24681","taxid:3702(arath)|taxid:3702(""Arabidopsis thaliana (Mouse-ear cress)"")","taxid:3702(arath)|taxid:3702(""Arabidopsis thaliana (Mouse-ear cress)"")","psi-mi:""MI:0407""(direct interaction)","psi-mi:""MI:0465""(DIP)","intact:EBI-16102935|imex:IM-24681-3|dip:DIP-199444E","intact-miscore:0.69","Arabidopsis thaliana","Arabidopsis thaliana"
"Q9XGM3","Q9XGM3","intact:EBI-16102886","intact:EBI-16102886","psi-mi:rps4_arath(display_long)|""Probable NAD(+) hydrolase RPS4""(gene name synonym)|RPS4(gene name)|psi-mi:RPS4(display_short)|Resistance to Pseudomonas syringae 4(gene name synonym)|TIR-NBS-LRR class disease resistance protein(gene name synonym)|K9E15.1(orf name)|At5g45250(locus name)","psi-mi:rps4_arath(display_long)|""Probable NAD(+) hydrolase RPS4""(gene name synonym)|RPS4(gene name)|psi-mi:RPS4(display_short)|Resistance to Pseudomonas syringae 4(gene name synonym)|TIR-NBS-LRR class disease resistance protein(gene name synonym)|K9E15.1(orf name)|At5g45250(locus name)","psi-mi:""MI:0067""(light scattering)","Williams et al. (2014)","pubmed:24744375|doi:10.1126/science.1247357|imex:IM-24681","taxid:3702(arath)|taxid:3702(""Arabidopsis thaliana (Mouse-ear cress)"")","taxid:3702(arath)|taxid:3702(""Arabidopsis thaliana (Mouse-ear cress)"")","psi-mi:""MI:0407""(direct interaction)","psi-mi:""MI:0465""(DIP)","intact:EBI-16103079|imex:IM-24681-9|dip:DIP-199444E","intact-miscore:0.69","Arabidopsis thaliana","Arabidopsis thaliana"
"Q9XGM3","Q9XGM3","intact:EBI-16102886","intact:EBI-16102886","psi-mi:rps4_arath(display_long)|""Probable NAD(+) hydrolase RPS4""(gene name synonym)|RPS4(gene name)|psi-mi:RPS4(display_short)|Resistance to Pseudomonas syringae 4(gene name synonym)|TIR-NBS-LRR class disease resistance protein(gene name synonym)|K9E15.1(orf name)|At5g45250(locus name)","psi-mi:rps4_arath(display_long)|""Probable NAD(+) hydrolase RPS4""(gene name synonym)|RPS4(gene name)|psi-mi:RPS4(display_short)|Resistance to Pseudomonas syringae 4(gene name synonym)|TIR-NBS-LRR class disease resistance protein(gene name synonym)|K9E15.1(orf name)|At5g45250(locus name)","psi-mi:""MI:0114""(x-ray crystallography)","Williams et al. (2014)","pubmed:24744375|doi:10.1126/science.1247357|imex:IM-24681","taxid:3702(arath)|taxid:3702(""Arabidopsis thaliana (Mouse-ear cress)"")","taxid:3702(arath)|taxid:3702(""Arabidopsis thaliana (Mouse-ear cress)"")","psi-mi:""MI:0407""(direct interaction)","psi-mi:""MI:0465""(DIP)","intact:EBI-16103257|imex:IM-24681-16|dip:DIP-199444E","intact-miscore:0.69","Arabidopsis thaliana","Arabidopsis thaliana"
"Q9XGM3","Q9XGM3","intact:EBI-16102886","intact:EBI-16102886","psi-mi:rps4_arath(display_long)|""Probable NAD(+) hydrolase RPS4""(gene name synonym)|RPS4(gene name)|psi-mi:RPS4(display_short)|Resistance to Pseudomonas syringae 4(gene name synonym)|TIR-NBS-LRR class disease resistance protein(gene name synonym)|K9E15.1(orf name)|At5g45250(locus name)","psi-mi:rps4_arath(display_long)|""Probable NAD(+) hydrolase RPS4""(gene name synonym)|RPS4(gene name)|psi-mi:RPS4(display_short)|Resistance to Pseudomonas syringae 4(gene name synonym)|TIR-NBS-LRR class disease resistance protein(gene name synonym)|K9E15.1(orf name)|At5g45250(locus name)","psi-mi:""MI:0018""(two hybrid)","Williams et al. (2014)","pubmed:24744375|doi:10.1126/science.1247357|imex:IM-24681","taxid:3702(arath)|taxid:3702(""Arabidopsis thaliana (Mouse-ear cress)"")","taxid:3702(arath)|taxid:3702(""Arabidopsis thaliana (Mouse-ear cress)"")","psi-mi:""MI:0915""(physical association)","psi-mi:""MI:0465""(DIP)","intact:EBI-16103618|imex:IM-24681-30|dip:DIP-199444E","intact-miscore:0.69","Arabidopsis thaliana","Arabidopsis thaliana"
"Q9XGM3","Q9XGM3","intact:EBI-16102886","intact:EBI-16102886","psi-mi:rps4_arath(display_long)|""Probable NAD(+) hydrolase RPS4""(gene name synonym)|RPS4(gene name)|psi-mi:RPS4(display_short)|Resistance to Pseudomonas syringae 4(gene name synonym)|TIR-NBS-LRR class disease resistance protein(gene name synonym)|K9E15.1(orf name)|At5g45250(locus name)","psi-mi:rps4_arath(display_long)|""Probable NAD(+) hydrolase RPS4""(gene name synonym)|RPS4(gene name)|psi-mi:RPS4(display_short)|Resistance to Pseudomonas syringae 4(gene name synonym)|TIR-NBS-LRR class disease resistance protein(gene name synonym)|K9E15.1(orf name)|At5g45250(locus name)","psi-mi:""MI:0007""(anti tag coimmunoprecipitation)","Williams et al. (2014)","pubmed:24744375|doi:10.1126/science.1247357|imex:IM-24681","taxid:3702(arath)|taxid:3702(""Arabidopsis thaliana (Mouse-ear cress)"")","taxid:3702(arath)|taxid:3702(""Arabidopsis thaliana (Mouse-ear cress)"")","psi-mi:""MI:0915""(physical association)","psi-mi:""MI:0465""(DIP)","intact:EBI-16103685|imex:IM-24681-32|dip:DIP-199444E","intact-miscore:0.69","Arabidopsis thaliana","Arabidopsis thaliana"
"F4IXW2","Q887D0","intact:EBI-6395043|F4IXW1|Q0WM86|Q9LXK4","intact:EBI-6394949|Q9JP36","psi-mi:big5_arath(display_long)|BIG5(gene name)|psi-mi:BIG5(display_short)|ARF guanine-nucleotide exchange factor BIG5(gene name synonym)|ATMIN7(gene name synonym)|BEN1(gene name synonym)|Protein BFA-VISUALIZED ENDOCYTIC TRAFFICKING DEFECTIVE 1(gene name synonym)|Protein HOPM INTERACTOR 7(gene name synonym)|F7K15_150(orf name)|At3g43300(locus name)","psi-mi:hopm1_psesm(display_long)|PSPTO_1375(locus name)|Type III effector HopPtoM(gene name synonym)|hopM1(gene name)|psi-mi:hopM1(display_short)|holPtoX(gene name synonym)|hopPtoM(gene name synonym)|Hrp outer protein M1(gene name synonym)|CEL ORF3(orf name)","psi-mi:""MI:0018""(two hybrid)","Nomura et al. (2006)","pubmed:16840699|imex:IM-18120","taxid:3702(arath)|taxid:3702(""Arabidopsis thaliana (Mouse-ear cress)"")","taxid:223283(psesm)|taxid:223283(""Pseudomonas syringae pv. tomato (strain DC3000)"")","psi-mi:""MI:0915""(physical association)","psi-mi:""MI:0486""(UniProt)","intact:EBI-6395060|imex:IM-18120-5","intact-miscore:0.51","Arabidopsis thaliana","Pseudomonas syringae"
"O82240","Q887D0","intact:EBI-4424620","intact:EBI-6394949|Q9JP36","psi-mi:o82240_arath(display_long)|F17A22.10(orf name)|At2g47710(locus name)|At2g47710/F17A22.10(locus name)","psi-mi:hopm1_psesm(display_long)|PSPTO_1375(locus name)|Type III effector HopPtoM(gene name synonym)|hopM1(gene name)|psi-mi:hopM1(display_short)|holPtoX(gene name synonym)|hopPtoM(gene name synonym)|Hrp outer protein M1(gene name synonym)|CEL ORF3(orf name)","psi-mi:""MI:0018""(two hybrid)","Nomura et al. (2006)","pubmed:16840699|imex:IM-18120","taxid:3702(arath)|taxid:3702(""Arabidopsis thaliana (Mouse-ear cress)"")","taxid:223283(psesm)|taxid:223283(""Pseudomonas syringae pv. tomato (strain DC3000)"")","psi-mi:""MI:0915""(physical association)","psi-mi:""MI:0486""(UniProt)","intact:EBI-6395035|imex:IM-18120-4","intact-miscore:0.37","Arabidopsis thaliana","Pseudomonas syringae"
"Q887D0","P48348","intact:EBI-6394949|Q9JP36","intact:EBI-1803280|Q0WSB7|Q9SWP7","psi-mi:hopm1_psesm(display_long)|PSPTO_1375(locus name)|Type III effector HopPtoM(gene name synonym)|hopM1(gene name)|psi-mi:hopM1(display_short)|holPtoX(gene name synonym)|hopPtoM(gene name synonym)|Hrp outer protein M1(gene name synonym)|CEL ORF3(orf name)","psi-mi:14338_arath(display_long)|GRF8(gene name)|psi-mi:GRF8(display_short)|General regulatory factor 8(gene name synonym)|MNA5.16(orf name)|At5g65430(locus name)","psi-mi:""MI:0018""(two hybrid)","Nomura et al. (2006)","pubmed:16840699|imex:IM-18120","taxid:223283(psesm)|taxid:223283(""Pseudomonas syringae pv. tomato (strain DC3000)"")","taxid:3702(arath)|taxid:3702(""Arabidopsis thaliana (Mouse-ear cress)"")","psi-mi:""MI:0915""(physical association)","psi-mi:""MI:0486""(UniProt)","intact:EBI-6395092|imex:IM-18120-7","intact-miscore:0.37","Pseudomonas syringae","Arabidopsis thaliana"
"Q887D0","F4IHF0","intact:EBI-6394949|Q9JP36","intact:EBI-6395011","psi-mi:hopm1_psesm(display_long)|PSPTO_1375(locus name)|Type III effector HopPtoM(gene name synonym)|hopM1(gene name)|psi-mi:hopM1(display_short)|holPtoX(gene name synonym)|hopPtoM(gene name synonym)|Hrp outer protein M1(gene name synonym)|CEL ORF3(orf name)","psi-mi:f4ihf0_arath(display_long)|T26I20.7(orf name)|T26I20_7(orf name)|At2g14910(locus name)","psi-mi:""MI:0018""(two hybrid)","Nomura et al. (2006)","pubmed:16840699|imex:IM-18120","taxid:223283(psesm)|taxid:223283(""Pseudomonas syringae pv. tomato (strain DC3000)"")","taxid:3702(arath)|taxid:3702(""Arabidopsis thaliana (Mouse-ear cress)"")","psi-mi:""MI:0915""(physical association)","psi-mi:""MI:0486""(UniProt)","intact:EBI-6395009|imex:IM-18120-3","intact-miscore:0.37","Pseudomonas syringae","Arabidopsis thaliana"
"Q84L32","Q887D0","intact:EBI-6394924|Q9S9L8|Q9SA20","intact:EBI-6394949|Q9JP36","psi-mi:rd23a_arath(display_long)|RAD23A(gene name)|psi-mi:RAD23A(display_short)|Putative DNA repair protein RAD23-2(gene name synonym)|RAD23(gene name synonym)|RAD23-2(gene name synonym)|RAD23-like protein 2(gene name synonym)|F3O9.1(orf name)|At1g16190(locus name)","psi-mi:hopm1_psesm(display_long)|PSPTO_1375(locus name)|Type III effector HopPtoM(gene name synonym)|hopM1(gene name)|psi-mi:hopM1(display_short)|holPtoX(gene name synonym)|hopPtoM(gene name synonym)|Hrp outer protein M1(gene name synonym)|CEL ORF3(orf name)","psi-mi:""MI:0018""(two hybrid)","Nomura et al. (2006)","pubmed:16840699|imex:IM-18120","taxid:3702(arath)|taxid:3702(""Arabidopsis thaliana (Mouse-ear cress)"")","taxid:223283(psesm)|taxid:223283(""Pseudomonas syringae pv. tomato (strain DC3000)"")","psi-mi:""MI:0915""(physical association)","psi-mi:""MI:0486""(UniProt)","intact:EBI-6394923|imex:IM-18120-1","intact-miscore:0.37","Arabidopsis thaliana","Pseudomonas syringae"
"Q9FMG6","Q887D0","intact:EBI-6395081","intact:EBI-6394949|Q9JP36","psi-mi:q9fmg6_arath(display_long)|MSJ1.2(gene name)|psi-mi:MSJ1.2(display_short)|MSJ1_2(gene name synonym)|At5g64180(locus name)","psi-mi:hopm1_psesm(display_long)|PSPTO_1375(locus name)|Type III effector HopPtoM(gene name synonym)|hopM1(gene name)|psi-mi:hopM1(display_short)|holPtoX(gene name synonym)|hopPtoM(gene name synonym)|Hrp outer protein M1(gene name synonym)|CEL ORF3(orf name)","psi-mi:""MI:0018""(two hybrid)","Nomura et al. (2006)","pubmed:16840699|imex:IM-18120","taxid:3702(arath)|taxid:3702(""Arabidopsis thaliana (Mouse-ear cress)"")","taxid:223283(psesm)|taxid:223283(""Pseudomonas syringae pv. tomato (strain DC3000)"")","psi-mi:""MI:0915""(physical association)","psi-mi:""MI:0486""(UniProt)","intact:EBI-6395079|imex:IM-18120-6","intact-miscore:0.37","Arabidopsis thaliana","Pseudomonas syringae"
"Q9FJZ7","Q887D0","intact:EBI-6395100","intact:EBI-6394949|Q9JP36","psi-mi:q9fjz7_arath(display_long)|K1F13.7(orf name)|K1F13_7(orf name)|At5g66420(locus name)","psi-mi:hopm1_psesm(display_long)|PSPTO_1375(locus name)|Type III effector HopPtoM(gene name synonym)|hopM1(gene name)|psi-mi:hopM1(display_short)|holPtoX(gene name synonym)|hopPtoM(gene name synonym)|Hrp outer protein M1(gene name synonym)|CEL ORF3(orf name)","psi-mi:""MI:0018""(two hybrid)","Nomura et al. (2006)","pubmed:16840699|imex:IM-18120","taxid:3702(arath)|taxid:3702(""Arabidopsis thaliana (Mouse-ear cress)"")","taxid:223283(psesm)|taxid:223283(""Pseudomonas syringae pv. tomato (strain DC3000)"")","psi-mi:""MI:0915""(physical association)","psi-mi:""MI:0486""(UniProt)","intact:EBI-6395098|imex:IM-18120-8","intact-miscore:0.37","Arabidopsis thaliana","Pseudomonas syringae"
"Q1G3U6","Q887D0","intact:EBI-6394975|Q8L8X2|Q940G4","intact:EBI-6394949|Q9JP36","psi-mi:pco3_arath(display_long)|PCO3(gene name)|psi-mi:PCO3(display_short)|CpNIFS2(gene name synonym)|NIFS-like protein 2(gene name synonym)|F15H18.26(orf name)|At1g18490(locus name)","psi-mi:hopm1_psesm(display_long)|PSPTO_1375(locus name)|Type III effector HopPtoM(gene name synonym)|hopM1(gene name)|psi-mi:hopM1(display_short)|holPtoX(gene name synonym)|hopPtoM(gene name synonym)|Hrp outer protein M1(gene name synonym)|CEL ORF3(orf name)","psi-mi:""MI:0018""(two hybrid)","Nomura et al. (2006)","pubmed:16840699|imex:IM-18120","taxid:3702(arath)|taxid:3702(""Arabidopsis thaliana (Mouse-ear cress)"")","taxid:223283(psesm)|taxid:223283(""Pseudomonas syringae pv. tomato (strain DC3000)"")","psi-mi:""MI:0915""(physical association)","psi-mi:""MI:0486""(UniProt)","intact:EBI-6394986|imex:IM-18120-2","intact-miscore:0.37","Arabidopsis thaliana","Pseudomonas syringae"
"Q887D0","Q84L32","intact:EBI-6394949|Q9JP36","intact:EBI-6394924|Q9S9L8|Q9SA20","psi-mi:hopm1_psesm(display_long)|PSPTO_1375(locus name)|Type III effector HopPtoM(gene name synonym)|hopM1(gene name)|psi-mi:hopM1(display_short)|holPtoX(gene name synonym)|hopPtoM(gene name synonym)|Hrp outer protein M1(gene name synonym)|CEL ORF3(orf name)","psi-mi:rd23a_arath(display_long)|RAD23A(gene name)|psi-mi:RAD23A(display_short)|Putative DNA repair protein RAD23-2(gene name synonym)|RAD23(gene name synonym)|RAD23-2(gene name synonym)|RAD23-like protein 2(gene name synonym)|F3O9.1(orf name)|At1g16190(locus name)","psi-mi:""MI:0018""(two hybrid)","Nomura et al. (2006)","pubmed:16840699|imex:IM-18120","taxid:223283(psesm)|taxid:223283(""Pseudomonas syringae pv. tomato (strain DC3000)"")","taxid:3702(arath)|taxid:3702(""Arabidopsis thaliana (Mouse-ear cress)"")","psi-mi:""MI:0915""(physical association)","psi-mi:""MI:0486""(UniProt)","intact:EBI-6395138|imex:IM-18120-9","intact-miscore:0.37","Pseudomonas syringae","Arabidopsis thaliana"
"P48348","Q887D0","intact:EBI-1803280|Q0WSB7|Q9SWP7","intact:EBI-6394949|Q9JP36","psi-mi:14338_arath(display_long)|GRF8(gene name)|psi-mi:GRF8(display_short)|General regulatory factor 8(gene name synonym)|MNA5.16(orf name)|At5g65430(locus name)","psi-mi:hopm1_psesm(display_long)|PSPTO_1375(locus name)|Type III effector HopPtoM(gene name synonym)|hopM1(gene name)|psi-mi:hopM1(display_short)|holPtoX(gene name synonym)|hopPtoM(gene name synonym)|Hrp outer protein M1(gene name synonym)|CEL ORF3(orf name)","psi-mi:""MI:0018""(two hybrid)","Nomura et al. (2006)","pubmed:16840699|imex:IM-18120","taxid:3702(arath)|taxid:3702(""Arabidopsis thaliana (Mouse-ear cress)"")","taxid:223283(psesm)|taxid:223283(""Pseudomonas syringae pv. tomato (strain DC3000)"")","psi-mi:""MI:0915""(physical association)","psi-mi:""MI:0486""(UniProt)","intact:EBI-6395159|imex:IM-18120-11","intact-miscore:0.37","Arabidopsis thaliana","Pseudomonas syringae"
"Q887D0","F4IXW2","intact:EBI-6394949|Q9JP36","intact:EBI-6395043|F4IXW1|Q0WM86|Q9LXK4","psi-mi:hopm1_psesm(display_long)|PSPTO_1375(locus name)|Type III effector HopPtoM(gene name synonym)|hopM1(gene name)|psi-mi:hopM1(display_short)|holPtoX(gene name synonym)|hopPtoM(gene name synonym)|Hrp outer protein M1(gene name synonym)|CEL ORF3(orf name)","psi-mi:big5_arath(display_long)|BIG5(gene name)|psi-mi:BIG5(display_short)|ARF guanine-nucleotide exchange factor BIG5(gene name synonym)|ATMIN7(gene name synonym)|BEN1(gene name synonym)|Protein BFA-VISUALIZED ENDOCYTIC TRAFFICKING DEFECTIVE 1(gene name synonym)|Protein HOPM INTERACTOR 7(gene name synonym)|F7K15_150(orf name)|At3g43300(locus name)","psi-mi:""MI:0018""(two hybrid)","Nomura et al. (2006)","pubmed:16840699|imex:IM-18120","taxid:223283(psesm)|taxid:223283(""Pseudomonas syringae pv. tomato (strain DC3000)"")","taxid:3702(arath)|taxid:3702(""Arabidopsis thaliana (Mouse-ear cress)"")","psi-mi:""MI:0915""(physical association)","psi-mi:""MI:0486""(UniProt)","intact:EBI-6395144|imex:IM-18120-10","intact-miscore:0.51","Pseudomonas syringae","Arabidopsis thaliana"
"Q887D0","F4IXW2","intact:EBI-6394949|Q9JP36","intact:EBI-6395043|F4IXW1|Q0WM86|Q9LXK4","psi-mi:hopm1_psesm(display_long)|PSPTO_1375(locus name)|Type III effector HopPtoM(gene name synonym)|hopM1(gene name)|psi-mi:hopM1(display_short)|holPtoX(gene name synonym)|hopPtoM(gene name synonym)|Hrp outer protein M1(gene name synonym)|CEL ORF3(orf name)","psi-mi:big5_arath(display_long)|BIG5(gene name)|psi-mi:BIG5(display_short)|ARF guanine-nucleotide exchange factor BIG5(gene name synonym)|ATMIN7(gene name synonym)|BEN1(gene name synonym)|Protein BFA-VISUALIZED ENDOCYTIC TRAFFICKING DEFECTIVE 1(gene name synonym)|Protein HOPM INTERACTOR 7(gene name synonym)|F7K15_150(orf name)|At3g43300(locus name)","psi-mi:""MI:0096""(pull down)","Nomura et al. (2006)","pubmed:16840699|imex:IM-18120","taxid:223283(psesm)|taxid:223283(""Pseudomonas syringae pv. tomato (strain DC3000)"")","taxid:3702(arath)|taxid:3702(""Arabidopsis thaliana (Mouse-ear cress)"")","psi-mi:""MI:0915""(physical association)","psi-mi:""MI:0486""(UniProt)","intact:EBI-6395185|imex:IM-18120-12","intact-miscore:0.51","Pseudomonas syringae","Arabidopsis thaliana"
"Q88A91","Q03250","intact:EBI-8802399","intact:EBI-1393626|C0Z304|Q8LEV4|Q94B62","psi-mi:q88a91_psesm(display_long)|hopU1(gene name)|psi-mi:hopU1(display_short)|PSPTO_0501(locus name)","psi-mi:rbg7_arath(display_long)|RBG7(gene name)|psi-mi:RBG7(display_short)|AtRBG7(gene name synonym)|CCR2(gene name synonym)|GR-RBP7(gene name synonym)|GRP7(gene name synonym)|Glycine-rich protein 7(gene name synonym)|Protein COLD, CIRCADIAN RHYTHM, AND RNA BINDING 2(gene name synonym)|F2G1.7(orf name)|At2g21660(locus name)","psi-mi:""MI:0007""(anti tag coimmunoprecipitation)","Nicaise et al. (2013)","pubmed:23395902|imex:IM-22187","taxid:223283(psesm)|taxid:223283(""Pseudomonas syringae pv. tomato (strain DC3000)"")","taxid:3702(arath)|taxid:3702(""Arabidopsis thaliana (Mouse-ear cress)"")","psi-mi:""MI:0915""(physical association)","psi-mi:""MI:0471""(MINT)","intact:EBI-8802409|imex:IM-22187-9","intact-miscore:0.51","Pseudomonas syringae","Arabidopsis thaliana"
"Q03250","Q88A91","intact:EBI-1393626|C0Z304|Q8LEV4|Q94B62","intact:EBI-8802399","psi-mi:rbg7_arath(display_long)|RBG7(gene name)|psi-mi:RBG7(display_short)|AtRBG7(gene name synonym)|CCR2(gene name synonym)|GR-RBP7(gene name synonym)|GRP7(gene name synonym)|Glycine-rich protein 7(gene name synonym)|Protein COLD, CIRCADIAN RHYTHM, AND RNA BINDING 2(gene name synonym)|F2G1.7(orf name)|At2g21660(locus name)","psi-mi:q88a91_psesm(display_long)|hopU1(gene name)|psi-mi:hopU1(display_short)|PSPTO_0501(locus name)","psi-mi:""MI:0809""(bimolecular fluorescence complementation)","Nicaise et al. (2013)","pubmed:23395902|imex:IM-22187","taxid:3702(arath)|taxid:3702(""Arabidopsis thaliana (Mouse-ear cress)"")","taxid:223283(psesm)|taxid:223283(""Pseudomonas syringae pv. tomato (strain DC3000)"")","psi-mi:""MI:0915""(physical association)","psi-mi:""MI:0471""(MINT)","intact:EBI-8802420|imex:IM-22187-10","intact-miscore:0.51","Arabidopsis thaliana","Pseudomonas syringae"
"Q8GYN5","Q88A90","intact:EBI-2270391|Q9LSG9","intact:EBI-2619325|Q7WYY8|F5H9A1","psi-mi:rin4_arath(display_long)|RIN4(gene name)|psi-mi:RIN4(display_short)|MJL12_1(orf name)|At3g25070(locus name)","psi-mi:q88a90_psesm(display_long)|hopF2(gene name)|psi-mi:hopF2(display_short)|PSPTO_0502(locus name)|hopF(gene name synonym)","psi-mi:""MI:0096""(pull down)","Wilton et al. (2010)","pubmed:20133879|doi:10.1073/pnas.0904739107|imex:IM-16246","taxid:3702(arath)|taxid:3702(""Arabidopsis thaliana (Mouse-ear cress)"")","taxid:223283(psesm)|taxid:223283(""Pseudomonas syringae pv. tomato (strain DC3000)"")","psi-mi:""MI:0407""(direct interaction)","psi-mi:""MI:0465""(DIP)","intact:EBI-15834122|imex:IM-16246-1|dip:DIP-142715E","intact-miscore:0.60","Arabidopsis thaliana","Pseudomonas syringae"
"Q8GYN5","Q88A90","intact:EBI-2270391|Q9LSG9","intact:EBI-2619325|Q7WYY8|F5H9A1","psi-mi:rin4_arath(display_long)|RIN4(gene name)|psi-mi:RIN4(display_short)|MJL12_1(orf name)|At3g25070(locus name)","psi-mi:q88a90_psesm(display_long)|hopF2(gene name)|psi-mi:hopF2(display_short)|PSPTO_0502(locus name)|hopF(gene name synonym)","psi-mi:""MI:0006""(anti bait coimmunoprecipitation)","Wilton et al. (2010)","pubmed:20133879|doi:10.1073/pnas.0904739107|imex:IM-16246","taxid:3702(arath)|taxid:3702(""Arabidopsis thaliana (Mouse-ear cress)"")","taxid:223283(psesm)|taxid:223283(""Pseudomonas syringae pv. tomato (strain DC3000)"")","psi-mi:""MI:0915""(physical association)","psi-mi:""MI:0465""(DIP)","intact:EBI-15834143|imex:IM-16246-2|dip:DIP-142715E","intact-miscore:0.60","Arabidopsis thaliana","Pseudomonas syringae"
"Q8GYN5","Q88A90","intact:EBI-2270391|Q9LSG9","intact:EBI-2619325|Q7WYY8|F5H9A1","psi-mi:rin4_arath(display_long)|RIN4(gene name)|psi-mi:RIN4(display_short)|MJL12_1(orf name)|At3g25070(locus name)","psi-mi:q88a90_psesm(display_long)|hopF2(gene name)|psi-mi:hopF2(display_short)|PSPTO_0502(locus name)|hopF(gene name synonym)","psi-mi:""MI:0007""(anti tag coimmunoprecipitation)","Wilton et al. (2010)","pubmed:20133879|doi:10.1073/pnas.0904739107|imex:IM-16246","taxid:3702(arath)|taxid:3702(""Arabidopsis thaliana (Mouse-ear cress)"")","taxid:223283(psesm)|taxid:223283(""Pseudomonas syringae pv. tomato (strain DC3000)"")","psi-mi:""MI:0915""(physical association)","psi-mi:""MI:0465""(DIP)","intact:EBI-15834162|imex:IM-16246-3|dip:DIP-142715E","intact-miscore:0.60","Arabidopsis thaliana","Pseudomonas syringae"
"Q9FL28","Q79LY0","intact:EBI-1799448|Q0WVN3|Q84WF4","intact:EBI-16096022|Q87W44","psi-mi:fls2_arath(display_long)|FLS2(gene name)|psi-mi:FLS2(display_short)|Protein FLAGELLIN-SENSING 2(gene name synonym)|Protein FLAGELLIN-SENSITIVE 2(gene name synonym)|MPL12.13(orf name)|MPL12.8(orf name)|At5g46330(locus name)","psi-mi:hopd2_psesm(display_long)|hopD2(gene name)|psi-mi:hopD2(display_short)|hopA01(gene name synonym)|hopPtoD2(gene name synonym)|PSPTO_4722(locus name)|Tyrosine-protein phosphatase hopPtoD2(gene name synonym)","psi-mi:""MI:0018""(two hybrid)","Macho et al. (2014)","pubmed:24625928|doi:10.1126/science.1248849|imex:IM-24679","taxid:3702(arath)|taxid:3702(""Arabidopsis thaliana (Mouse-ear cress)"")","taxid:223283(psesm)|taxid:223283(""Pseudomonas syringae pv. tomato (strain DC3000)"")","psi-mi:""MI:0915""(physical association)","psi-mi:""MI:0465""(DIP)","intact:EBI-16096042|imex:IM-24679-3|dip:DIP-199440E","intact-miscore:0.37","Arabidopsis thaliana","Pseudomonas syringae"
"Q79LY0","C0LGT6","intact:EBI-16096022|Q87W44","intact:EBI-8801168|Q0WWU8|Q8S9I3","psi-mi:hopd2_psesm(display_long)|hopD2(gene name)|psi-mi:hopD2(display_short)|hopA01(gene name synonym)|hopPtoD2(gene name synonym)|PSPTO_4722(locus name)|Tyrosine-protein phosphatase hopPtoD2(gene name synonym)","psi-mi:efr_arath(display_long)|EFR(gene name)|psi-mi:EFR(display_short)|Elongation factor Tu receptor(gene name synonym)|F7C8.70(orf name)|At5g20480(locus name)","psi-mi:""MI:0007""(anti tag coimmunoprecipitation)","Macho et al. (2014)","pubmed:24625928|doi:10.1126/science.1248849|imex:IM-24679","taxid:223283(psesm)|taxid:223283(""Pseudomonas syringae pv. tomato (strain DC3000)"")","taxid:3702(arath)|taxid:3702(""Arabidopsis thaliana (Mouse-ear cress)"")","psi-mi:""MI:0915""(physical association)","psi-mi:""MI:0465""(DIP)","intact:EBI-16096064|imex:IM-24679-4|dip:DIP-199438E","intact-miscore:0.59","Pseudomonas syringae","Arabidopsis thaliana"
"Q79LY0","C0LGT6","intact:EBI-16096022|Q87W44","intact:EBI-8801168|Q0WWU8|Q8S9I3","psi-mi:hopd2_psesm(display_long)|hopD2(gene name)|psi-mi:hopD2(display_short)|hopA01(gene name synonym)|hopPtoD2(gene name synonym)|PSPTO_4722(locus name)|Tyrosine-protein phosphatase hopPtoD2(gene name synonym)","psi-mi:efr_arath(display_long)|EFR(gene name)|psi-mi:EFR(display_short)|Elongation factor Tu receptor(gene name synonym)|F7C8.70(orf name)|At5g20480(locus name)","psi-mi:""MI:0434""(phosphatase assay)","Macho et al. (2014)","pubmed:24625928|doi:10.1126/science.1248849|imex:IM-24679","taxid:223283(psesm)|taxid:223283(""Pseudomonas syringae pv. tomato (strain DC3000)"")","taxid:3702(arath)|taxid:3702(""Arabidopsis thaliana (Mouse-ear cress)"")","psi-mi:""MI:0203""(dephosphorylation reaction)","psi-mi:""MI:0465""(DIP)","intact:EBI-16096085|imex:IM-24679-5|dip:DIP-199438E","intact-miscore:0.59","Pseudomonas syringae","Arabidopsis thaliana"
"Q79LY0","C0LGT6","intact:EBI-16096022|Q87W44","intact:EBI-8801168|Q0WWU8|Q8S9I3","psi-mi:hopd2_psesm(display_long)|hopD2(gene name)|psi-mi:hopD2(display_short)|hopA01(gene name synonym)|hopPtoD2(gene name synonym)|PSPTO_4722(locus name)|Tyrosine-protein phosphatase hopPtoD2(gene name synonym)","psi-mi:efr_arath(display_long)|EFR(gene name)|psi-mi:EFR(display_short)|Elongation factor Tu receptor(gene name synonym)|F7C8.70(orf name)|At5g20480(locus name)","psi-mi:""MI:0018""(two hybrid)","Macho et al. (2014)","pubmed:24625928|doi:10.1126/science.1248849|imex:IM-24679","taxid:223283(psesm)|taxid:223283(""Pseudomonas syringae pv. tomato (strain DC3000)"")","taxid:3702(arath)|taxid:3702(""Arabidopsis thaliana (Mouse-ear cress)"")","psi-mi:""MI:0915""(physical association)","psi-mi:""MI:0465""(DIP)","intact:EBI-16096106|imex:IM-24679-6|dip:DIP-199438E","intact-miscore:0.59","Pseudomonas syringae","Arabidopsis thaliana"
"P0DKH5","Q52432","intact:EBI-15211292|Q0WWA0|Q689Y9|Q8GZ83|Q9FH83|Q9FH84","intact:EBI-16103048","psi-mi:wrk52_arath(display_long)|RRS1(gene name)|psi-mi:RRS1(display_short)|Disease resistance protein RCH2(gene name synonym)|Disease resistance protein SLH1(gene name synonym)|Probable WRKY transcription factor 52(gene name synonym)|Protein RPS4-homolog(gene name synonym)|Protein SENSITIVE TO LOW HUMIDITY 1(gene name synonym)|RCH2(gene name synonym)|RRS1-S(gene name synonym)|RSH4(gene name synonym)|Resistance to Colletotrichum higginsianum 2 protein(gene name synonym)|Resistance to Ralstonia solanacearum 1 protein(gene name synonym)|SLH1(gene name synonym)|WRKY DNA-binding protein 52(gene name synonym)|WRKY52(gene name synonym)|K9E15.2/K9E15.3(orf name)|At5g45260/At5g45270(locus name)","psi-mi:q52432_psesx(display_long)|avrRps4(gene name)|psi-mi:avrRps4(display_short)","psi-mi:""MI:0007""(anti tag coimmunoprecipitation)","Williams et al. (2014)","pubmed:24744375|doi:10.1126/science.1247357|imex:IM-24681","taxid:3702(arath)|taxid:3702(""Arabidopsis thaliana (Mouse-ear cress)"")","taxid:317(psesx)|taxid:317(Pseudomonas syringae)","psi-mi:""MI:0914""(association)","psi-mi:""MI:0465""(DIP)","intact:EBI-16103055|imex:IM-24681-8|dip:DIP-199447E","intact-miscore:0.50","Arabidopsis thaliana","Pseudomonas syringae"
"P0DKH5","Q52432","intact:EBI-15211292|Q0WWA0|Q689Y9|Q8GZ83|Q9FH83|Q9FH84","intact:EBI-16103048","psi-mi:wrk52_arath(display_long)|RRS1(gene name)|psi-mi:RRS1(display_short)|Disease resistance protein RCH2(gene name synonym)|Disease resistance protein SLH1(gene name synonym)|Probable WRKY transcription factor 52(gene name synonym)|Protein RPS4-homolog(gene name synonym)|Protein SENSITIVE TO LOW HUMIDITY 1(gene name synonym)|RCH2(gene name synonym)|RRS1-S(gene name synonym)|RSH4(gene name synonym)|Resistance to Colletotrichum higginsianum 2 protein(gene name synonym)|Resistance to Ralstonia solanacearum 1 protein(gene name synonym)|SLH1(gene name synonym)|WRKY DNA-binding protein 52(gene name synonym)|WRKY52(gene name synonym)|K9E15.2/K9E15.3(orf name)|At5g45260/At5g45270(locus name)","psi-mi:q52432_psesx(display_long)|avrRps4(gene name)|psi-mi:avrRps4(display_short)","psi-mi:""MI:0007""(anti tag coimmunoprecipitation)","Williams et al. (2014)","pubmed:24744375|doi:10.1126/science.1247357|imex:IM-24681","taxid:3702(arath)|taxid:3702(""Arabidopsis thaliana (Mouse-ear cress)"")","taxid:317(psesx)|taxid:317(Pseudomonas syringae)","psi-mi:""MI:0915""(physical association)","psi-mi:""MI:0465""(DIP)","intact:EBI-16103363|imex:IM-24681-21|dip:DIP-199448E","intact-miscore:0.50","Arabidopsis thaliana","Pseudomonas syringae"
"Q52432","P0DKH5","intact:EBI-16103048","intact:EBI-15211292|Q0WWA0|Q689Y9|Q8GZ83|Q9FH83|Q9FH84","psi-mi:q52432_psesx(display_long)|avrRps4(gene name)|psi-mi:avrRps4(display_short)","psi-mi:wrk52_arath(display_long)|RRS1(gene name)|psi-mi:RRS1(display_short)|Disease resistance protein RCH2(gene name synonym)|Disease resistance protein SLH1(gene name synonym)|Probable WRKY transcription factor 52(gene name synonym)|Protein RPS4-homolog(gene name synonym)|Protein SENSITIVE TO LOW HUMIDITY 1(gene name synonym)|RCH2(gene name synonym)|RRS1-S(gene name synonym)|RSH4(gene name synonym)|Resistance to Colletotrichum higginsianum 2 protein(gene name synonym)|Resistance to Ralstonia solanacearum 1 protein(gene name synonym)|SLH1(gene name synonym)|WRKY DNA-binding protein 52(gene name synonym)|WRKY52(gene name synonym)|K9E15.2/K9E15.3(orf name)|At5g45260/At5g45270(locus name)","psi-mi:""MI:0007""(anti tag coimmunoprecipitation)","Williams et al. (2014)","pubmed:24744375|doi:10.1126/science.1247357|imex:IM-24681","taxid:317(psesx)|taxid:317(Pseudomonas syringae)","taxid:3702(arath)|taxid:3702(""Arabidopsis thaliana (Mouse-ear cress)"")","psi-mi:""MI:0915""(physical association)","psi-mi:""MI:0465""(DIP)","intact:EBI-16103664|imex:IM-24681-31|dip:DIP-199448E","intact-miscore:0.50","Pseudomonas syringae","Arabidopsis thaliana"
"Q52432","Q9XGM3","intact:EBI-16103048","intact:EBI-16102886","psi-mi:q52432_psesx(display_long)|avrRps4(gene name)|psi-mi:avrRps4(display_short)","psi-mi:rps4_arath(display_long)|""Probable NAD(+) hydrolase RPS4""(gene name synonym)|RPS4(gene name)|psi-mi:RPS4(display_short)|Resistance to Pseudomonas syringae 4(gene name synonym)|TIR-NBS-LRR class disease resistance protein(gene name synonym)|K9E15.1(orf name)|At5g45250(locus name)","psi-mi:""MI:0007""(anti tag coimmunoprecipitation)","Williams et al. (2014)","pubmed:24744375|doi:10.1126/science.1247357|imex:IM-24681","taxid:317(psesx)|taxid:317(Pseudomonas syringae)","taxid:3702(arath)|taxid:3702(""Arabidopsis thaliana (Mouse-ear cress)"")","psi-mi:""MI:0914""(association)","psi-mi:""MI:0465""(DIP)","intact:EBI-16103735|imex:IM-24681-34|dip:DIP-199447E","intact-miscore:0.35","Pseudomonas syringae","Arabidopsis thaliana"
"Q52432","P0DKH5","intact:EBI-16103048","intact:EBI-15211292|Q0WWA0|Q689Y9|Q8GZ83|Q9FH83|Q9FH84","psi-mi:q52432_psesx(display_long)|avrRps4(gene name)|psi-mi:avrRps4(display_short)","psi-mi:wrk52_arath(display_long)|RRS1(gene name)|psi-mi:RRS1(display_short)|Disease resistance protein RCH2(gene name synonym)|Disease resistance protein SLH1(gene name synonym)|Probable WRKY transcription factor 52(gene name synonym)|Protein RPS4-homolog(gene name synonym)|Protein SENSITIVE TO LOW HUMIDITY 1(gene name synonym)|RCH2(gene name synonym)|RRS1-S(gene name synonym)|RSH4(gene name synonym)|Resistance to Colletotrichum higginsianum 2 protein(gene name synonym)|Resistance to Ralstonia solanacearum 1 protein(gene name synonym)|SLH1(gene name synonym)|WRKY DNA-binding protein 52(gene name synonym)|WRKY52(gene name synonym)|K9E15.2/K9E15.3(orf name)|At5g45260/At5g45270(locus name)","psi-mi:""MI:0007""(anti tag coimmunoprecipitation)","Williams et al. (2014)","pubmed:24744375|doi:10.1126/science.1247357|imex:IM-24681","taxid:317(psesx)|taxid:317(Pseudomonas syringae)","taxid:3702(arath)|taxid:3702(""Arabidopsis thaliana (Mouse-ear cress)"")","psi-mi:""MI:0914""(association)","psi-mi:""MI:0465""(DIP)","intact:EBI-16103735|imex:IM-24681-34|dip:DIP-199447E","intact-miscore:0.50","Pseudomonas syringae","Arabidopsis thaliana"
"O64973","Q52430","intact:EBI-15620767|O81402|O82098|O82100","intact:EBI-15620930","psi-mi:rps5_arath(display_long)|RPS5(gene name)|psi-mi:RPS5(display_short)|Resistance to Pseudomonas syringae protein 5(gene name synonym)|pNd3/pNd10(gene name synonym)|T28K15.5(orf name)|At1g12220(locus name)","psi-mi:avrp3_psesh(display_long)|avrPph3(gene name)|psi-mi:avrPph3(display_short)","psi-mi:""MI:0007""(anti tag coimmunoprecipitation)","Ade et al. (2007)","pubmed:17277084|doi:10.1073/pnas.0608779104|imex:IM-22724","taxid:3702(arath)|taxid:3702(""Arabidopsis thaliana (Mouse-ear cress)"")","taxid:319(psesh)|taxid:319(Pseudomonas savastanoi pv. phaseolicola)","psi-mi:""MI:0914""(association)","psi-mi:""MI:0465""(DIP)","intact:EBI-15620944|imex:IM-22724-6|dip:DIP-196639E","intact-miscore:0.35","Arabidopsis thaliana","Pseudomonas syringae"
"Q42484","Q9SRH6","intact:EBI-2270354|O82096|Q8L3R0|Q8L3W3|Q8L4X9|Q9ASP5|Q8L4Y0|Q8L587|Q8L5B3|Q8LKZ8|Q8LKZ9|Q8LL00|Q8LL01","intact:EBI-2270468","psi-mi:rps2_arath(display_long)|RPS2(gene name)|psi-mi:RPS2(display_short)|Resistance to Pseudomonas syringae protein 2(gene name synonym)|F20B18.200(orf name)|At4g26090(locus name)","psi-mi:hir3_arath(display_long)|P31(gene name synonym)|T4P13.3(orf name)|HIR3(gene name)|psi-mi:HIR3(display_short)|T22N4.8(orf name)|At3g01290(locus name)","psi-mi:""MI:0096""(pull down)","Qi et al. (2008)","pubmed:19000159|imex:IM-20263","taxid:3702(arath)|taxid:3702(""Arabidopsis thaliana (Mouse-ear cress)"")","taxid:3702(arath)|taxid:3702(""Arabidopsis thaliana (Mouse-ear cress)"")","psi-mi:""MI:0915""(physical association)","psi-mi:""MI:0469""(IntAct)","intact:EBI-2270387|imex:IM-20263-1","intact-miscore:0.40","Arabidopsis thaliana","Arabidopsis thaliana"
"Q42484","Q9LJG3","intact:EBI-2270354|O82096|Q8L3R0|Q8L3W3|Q8L4X9|Q9ASP5|Q8L4Y0|Q8L587|Q8L5B3|Q8LKZ8|Q8LKZ9|Q8LL00|Q8LL01","intact:EBI-2270500|A0MAV7|Q941A3","psi-mi:rps2_arath(display_long)|RPS2(gene name)|psi-mi:RPS2(display_short)|Resistance to Pseudomonas syringae protein 2(gene name synonym)|F20B18.200(orf name)|At4g26090(locus name)","psi-mi:esm1_arath(display_long)|ESM1(gene name)|psi-mi:ESM1(display_short)|At3g14210(locus name)|Protein EPITHIOSPECIFIER MODIFIER 1(gene name synonym)|Extracellular lipase ESM1(gene name synonym)|MAG2.6(orf name)","psi-mi:""MI:0096""(pull down)","Qi et al. (2008)","pubmed:19000159|imex:IM-20263","taxid:3702(arath)|taxid:3702(""Arabidopsis thaliana (Mouse-ear cress)"")","taxid:3702(arath)|taxid:3702(""Arabidopsis thaliana (Mouse-ear cress)"")","psi-mi:""MI:0915""(physical association)","psi-mi:""MI:0469""(IntAct)","intact:EBI-2270387|imex:IM-20263-1","intact-miscore:0.40","Arabidopsis thaliana","Arabidopsis thaliana"
"Q42484","Q8VZG8","intact:EBI-2270354|O82096|Q8L3R0|Q8L3W3|Q8L4X9|Q9ASP5|Q8L4Y0|Q8L587|Q8L5B3|Q8LKZ8|Q8LKZ9|Q8LL00|Q8LL01","intact:EBI-2270407|B9DG82|Q8H7F4|Q9LCZ6","psi-mi:rps2_arath(display_long)|RPS2(gene name)|psi-mi:RPS2(display_short)|Resistance to Pseudomonas syringae protein 2(gene name synonym)|F20B18.200(orf name)|At4g26090(locus name)","psi-mi:mik2_arath(display_long)|MIK2(gene name)|psi-mi:MIK2(display_short)|Probable LRR receptor-like serine/threonine-protein kinase At4g08850(gene name synonym)|T32A17.160(orf name)|At4g08850(locus name)","psi-mi:""MI:0096""(pull down)","Qi et al. (2008)","pubmed:19000159|imex:IM-20263","taxid:3702(arath)|taxid:3702(""Arabidopsis thaliana (Mouse-ear cress)"")","taxid:3702(arath)|taxid:3702(""Arabidopsis thaliana (Mouse-ear cress)"")","psi-mi:""MI:0915""(physical association)","psi-mi:""MI:0469""(IntAct)","intact:EBI-2270387|imex:IM-20263-1","intact-miscore:0.40","Arabidopsis thaliana","Arabidopsis thaliana"
"Q42484","Q06611","intact:EBI-2270354|O82096|Q8L3R0|Q8L3W3|Q8L4X9|Q9ASP5|Q8L4Y0|Q8L587|Q8L5B3|Q8LKZ8|Q8LKZ9|Q8LL00|Q8LL01","intact:EBI-1997548|Q8L5V4","psi-mi:rps2_arath(display_long)|RPS2(gene name)|psi-mi:RPS2(display_short)|Resistance to Pseudomonas syringae protein 2(gene name synonym)|F20B18.200(orf name)|At4g26090(locus name)","psi-mi:pip12_arath(display_long)|PIP1-2(gene name)|psi-mi:PIP1-2(display_short)|PIP1B(gene name synonym)|TMPA(gene name synonym)|Plasma membrane intrinsic protein 1b(gene name synonym)|Transmembrane protein A(gene name synonym)|F4I18.6(orf name)|At2g45960(locus name)","psi-mi:""MI:0096""(pull down)","Qi et al. (2008)","pubmed:19000159|imex:IM-20263","taxid:3702(arath)|taxid:3702(""Arabidopsis thaliana (Mouse-ear cress)"")","taxid:3702(arath)|taxid:3702(""Arabidopsis thaliana (Mouse-ear cress)"")","psi-mi:""MI:0915""(physical association)","psi-mi:""MI:0469""(IntAct)","intact:EBI-2270387|imex:IM-20263-1","intact-miscore:0.40","Arabidopsis thaliana","Arabidopsis thaliana"
"Q42484","Q9SZW5","intact:EBI-2270354|O82096|Q8L3R0|Q8L3W3|Q8L4X9|Q9ASP5|Q8L4Y0|Q8L587|Q8L5B3|Q8LKZ8|Q8LKZ9|Q8LL00|Q8LL01","intact:EBI-2272258|Q1PE33|Q8LPW0|Q9LCZ8","psi-mi:rps2_arath(display_long)|RPS2(gene name)|psi-mi:RPS2(display_short)|Resistance to Pseudomonas syringae protein 2(gene name synonym)|F20B18.200(orf name)|At4g26090(locus name)","psi-mi:ahm4_arath(display_long)|HMA3(gene name)|psi-mi:HMA3(display_short)|F6G3.150(orf name)|At4g30120(locus name)","psi-mi:""MI:0096""(pull down)","Qi et al. (2008)","pubmed:19000159|imex:IM-20263","taxid:3702(arath)|taxid:3702(""Arabidopsis thaliana (Mouse-ear cress)"")","taxid:3702(arath)|taxid:3702(""Arabidopsis thaliana (Mouse-ear cress)"")","psi-mi:""MI:0915""(physical association)","psi-mi:""MI:0469""(IntAct)","intact:EBI-2270387|imex:IM-20263-1","intact-miscore:0.40","Arabidopsis thaliana","Arabidopsis thaliana"
"Q42484","P93025","intact:EBI-2270354|O82096|Q8L3R0|Q8L3W3|Q8L4X9|Q9ASP5|Q8L4Y0|Q8L587|Q8L5B3|Q8LKZ8|Q8LKZ9|Q8LL00|Q8LL01","intact:EBI-2270423|O81204|Q8RWE6","psi-mi:rps2_arath(display_long)|RPS2(gene name)|psi-mi:RPS2(display_short)|Resistance to Pseudomonas syringae protein 2(gene name synonym)|F20B18.200(orf name)|At4g26090(locus name)","psi-mi:phot2_arath(display_long)|PHOT2(gene name)|psi-mi:PHOT2(display_short)|CAV1(gene name synonym)|KIN7(gene name synonym)|NPL1(gene name synonym)|Defective in chloroplast avoidance protein 1(gene name synonym)|Non-phototropic hypocotyl 1-like protein 1(gene name synonym)|K21L19.6(orf name)|At5g58140(locus name)","psi-mi:""MI:0096""(pull down)","Qi et al. (2008)","pubmed:19000159|imex:IM-20263","taxid:3702(arath)|taxid:3702(""Arabidopsis thaliana (Mouse-ear cress)"")","taxid:3702(arath)|taxid:3702(""Arabidopsis thaliana (Mouse-ear cress)"")","psi-mi:""MI:0915""(physical association)","psi-mi:""MI:0469""(IntAct)","intact:EBI-2270387|imex:IM-20263-1","intact-miscore:0.40","Arabidopsis thaliana","Arabidopsis thaliana"
"Q42484","Q9CAR7","intact:EBI-2270354|O82096|Q8L3R0|Q8L3W3|Q8L4X9|Q9ASP5|Q8L4Y0|Q8L587|Q8L5B3|Q8LKZ8|Q8LKZ9|Q8LL00|Q8LL01","intact:EBI-1807580|B9DGQ2","psi-mi:rps2_arath(display_long)|RPS2(gene name)|psi-mi:RPS2(display_short)|Resistance to Pseudomonas syringae protein 2(gene name synonym)|F20B18.200(orf name)|At4g26090(locus name)","psi-mi:hir2_arath(display_long)|HIR2(gene name)|psi-mi:HIR2(display_short)|T17F3.13(orf name)|At1g69840(locus name)","psi-mi:""MI:0096""(pull down)","Qi et al. (2008)","pubmed:19000159|imex:IM-20263","taxid:3702(arath)|taxid:3702(""Arabidopsis thaliana (Mouse-ear cress)"")","taxid:3702(arath)|taxid:3702(""Arabidopsis thaliana (Mouse-ear cress)"")","psi-mi:""MI:0915""(physical association)","psi-mi:""MI:0469""(IntAct)","intact:EBI-2270387|imex:IM-20263-1","intact-miscore:0.40","Arabidopsis thaliana","Arabidopsis thaliana"
"Q42484","Q56WK6","intact:EBI-2270354|O82096|Q8L3R0|Q8L3W3|Q8L4X9|Q9ASP5|Q8L4Y0|Q8L587|Q8L5B3|Q8LKZ8|Q8LKZ9|Q8LL00|Q8LL01","intact:EBI-2270479|Q9C7U0","psi-mi:rps2_arath(display_long)|RPS2(gene name)|psi-mi:RPS2(display_short)|Resistance to Pseudomonas syringae protein 2(gene name synonym)|F20B18.200(orf name)|At4g26090(locus name)","psi-mi:patl1_arath(display_long)|PATL1(gene name)|psi-mi:PATL1(display_short)|T9N14.1(orf name)|At1g72150(locus name)","psi-mi:""MI:0096""(pull down)","Qi et al. (2008)","pubmed:19000159|imex:IM-20263","taxid:3702(arath)|taxid:3702(""Arabidopsis thaliana (Mouse-ear cress)"")","taxid:3702(arath)|taxid:3702(""Arabidopsis thaliana (Mouse-ear cress)"")","psi-mi:""MI:0915""(physical association)","psi-mi:""MI:0469""(IntAct)","intact:EBI-2270387|imex:IM-20263-1","intact-miscore:0.40","Arabidopsis thaliana","Arabidopsis thaliana"
"Q42484","O48963","intact:EBI-2270354|O82096|Q8L3R0|Q8L3W3|Q8L4X9|Q9ASP5|Q8L4Y0|Q8L587|Q8L5B3|Q8LKZ8|Q8LKZ9|Q8LL00|Q8LL01","intact:EBI-1553849","psi-mi:rps2_arath(display_long)|RPS2(gene name)|psi-mi:RPS2(display_short)|Resistance to Pseudomonas syringae protein 2(gene name synonym)|F20B18.200(orf name)|At4g26090(locus name)","psi-mi:phot1_arath(display_long)|Non-phototropic hypocotyl protein 1(gene name synonym)|Root phototropism protein 1(gene name synonym)|PHOT1(gene name)|psi-mi:PHOT1(display_short)|JK224(gene name synonym)|NPH1(gene name synonym)|RPT1(gene name synonym)|T6D9_110(orf name)|At3g45780(locus name)","psi-mi:""MI:0096""(pull down)","Qi et al. (2008)","pubmed:19000159|imex:IM-20263","taxid:3702(arath)|taxid:3702(""Arabidopsis thaliana (Mouse-ear cress)"")","taxid:3702(arath)|taxid:3702(""Arabidopsis thaliana (Mouse-ear cress)"")","psi-mi:""MI:0915""(physical association)","psi-mi:""MI:0469""(IntAct)","intact:EBI-2270387|imex:IM-20263-1","intact-miscore:0.40","Arabidopsis thaliana","Arabidopsis thaliana"
"Q42484","Q8GYN5","intact:EBI-2270354|O82096|Q8L3R0|Q8L3W3|Q8L4X9|Q9ASP5|Q8L4Y0|Q8L587|Q8L5B3|Q8LKZ8|Q8LKZ9|Q8LL00|Q8LL01","intact:EBI-2270391|Q9LSG9","psi-mi:rps2_arath(display_long)|RPS2(gene name)|psi-mi:RPS2(display_short)|Resistance to Pseudomonas syringae protein 2(gene name synonym)|F20B18.200(orf name)|At4g26090(locus name)","psi-mi:rin4_arath(display_long)|RIN4(gene name)|psi-mi:RIN4(display_short)|MJL12_1(orf name)|At3g25070(locus name)","psi-mi:""MI:0096""(pull down)","Qi et al. (2008)","pubmed:19000159|imex:IM-20263","taxid:3702(arath)|taxid:3702(""Arabidopsis thaliana (Mouse-ear cress)"")","taxid:3702(arath)|taxid:3702(""Arabidopsis thaliana (Mouse-ear cress)"")","psi-mi:""MI:0915""(physical association)","psi-mi:""MI:0469""(IntAct)","intact:EBI-2270387|imex:IM-20263-1","intact-miscore:0.40","Arabidopsis thaliana","Arabidopsis thaliana"
"O64973","Q9FE20","intact:EBI-15620767|O81402|O82098|O82100","intact:EBI-2357898","psi-mi:rps5_arath(display_long)|RPS5(gene name)|psi-mi:RPS5(display_short)|Resistance to Pseudomonas syringae protein 5(gene name synonym)|pNd3/pNd10(gene name synonym)|T28K15.5(orf name)|At1g12220(locus name)","psi-mi:pbs1_arath(display_long)|At5g13160(locus name)|PBS1(gene name)|psi-mi:PBS1(display_short)|AvrPphB susceptible protein 1(gene name synonym)|T19L5.120(orf name)","psi-mi:""MI:0007""(anti tag coimmunoprecipitation)","Ade et al. (2007)","pubmed:17277084|doi:10.1073/pnas.0608779104|imex:IM-22724","taxid:3702(arath)|taxid:3702(""Arabidopsis thaliana (Mouse-ear cress)"")","taxid:3702(arath)|taxid:3702(""Arabidopsis thaliana (Mouse-ear cress)"")","psi-mi:""MI:0915""(physical association)","psi-mi:""MI:0465""(DIP)","intact:EBI-15620797|imex:IM-22724-1|dip:DIP-196638E","intact-miscore:0.50","Arabidopsis thaliana","Arabidopsis thaliana"
"O64973","Q9FE20","intact:EBI-15620767|O81402|O82098|O82100","intact:EBI-2357898","psi-mi:rps5_arath(display_long)|RPS5(gene name)|psi-mi:RPS5(display_short)|Resistance to Pseudomonas syringae protein 5(gene name synonym)|pNd3/pNd10(gene name synonym)|T28K15.5(orf name)|At1g12220(locus name)","psi-mi:pbs1_arath(display_long)|At5g13160(locus name)|PBS1(gene name)|psi-mi:PBS1(display_short)|AvrPphB susceptible protein 1(gene name synonym)|T19L5.120(orf name)","psi-mi:""MI:0007""(anti tag coimmunoprecipitation)","Ade et al. (2007)","pubmed:17277084|doi:10.1073/pnas.0608779104|imex:IM-22724","taxid:3702(arath)|taxid:3702(""Arabidopsis thaliana (Mouse-ear cress)"")","taxid:3702(arath)|taxid:3702(""Arabidopsis thaliana (Mouse-ear cress)"")","psi-mi:""MI:0914""(association)","psi-mi:""MI:0465""(DIP)","intact:EBI-15620944|imex:IM-22724-6|dip:DIP-196639E","intact-miscore:0.50","Arabidopsis thaliana","Arabidopsis thaliana"
"Q9XGM3","P0DKH5","intact:EBI-16102886","intact:EBI-15211292|Q0WWA0|Q689Y9|Q8GZ83|Q9FH83|Q9FH84","psi-mi:rps4_arath(display_long)|""Probable NAD(+) hydrolase RPS4""(gene name synonym)|RPS4(gene name)|psi-mi:RPS4(display_short)|Resistance to Pseudomonas syringae 4(gene name synonym)|TIR-NBS-LRR class disease resistance protein(gene name synonym)|K9E15.1(orf name)|At5g45250(locus name)","psi-mi:wrk52_arath(display_long)|RRS1(gene name)|psi-mi:RRS1(display_short)|Disease resistance protein RCH2(gene name synonym)|Disease resistance protein SLH1(gene name synonym)|Probable WRKY transcription factor 52(gene name synonym)|Protein RPS4-homolog(gene name synonym)|Protein SENSITIVE TO LOW HUMIDITY 1(gene name synonym)|RCH2(gene name synonym)|RRS1-S(gene name synonym)|RSH4(gene name synonym)|Resistance to Colletotrichum higginsianum 2 protein(gene name synonym)|Resistance to Ralstonia solanacearum 1 protein(gene name synonym)|SLH1(gene name synonym)|WRKY DNA-binding protein 52(gene name synonym)|WRKY52(gene name synonym)|K9E15.2/K9E15.3(orf name)|At5g45260/At5g45270(locus name)","psi-mi:""MI:0007""(anti tag coimmunoprecipitation)","Williams et al. (2014)","pubmed:24744375|doi:10.1126/science.1247357|imex:IM-24681","taxid:3702(arath)|taxid:3702(""Arabidopsis thaliana (Mouse-ear cress)"")","taxid:3702(arath)|taxid:3702(""Arabidopsis thaliana (Mouse-ear cress)"")","psi-mi:""MI:0915""(physical association)","psi-mi:""MI:0465""(DIP)","intact:EBI-16102980|imex:IM-24681-5|dip:DIP-199443E","intact-miscore:0.71","Arabidopsis thaliana","Arabidopsis thaliana"
"Q9XGM3","P0DKH5","intact:EBI-16102886","intact:EBI-15211292|Q0WWA0|Q689Y9|Q8GZ83|Q9FH83|Q9FH84","psi-mi:rps4_arath(display_long)|""Probable NAD(+) hydrolase RPS4""(gene name synonym)|RPS4(gene name)|psi-mi:RPS4(display_short)|Resistance to Pseudomonas syringae 4(gene name synonym)|TIR-NBS-LRR class disease resistance protein(gene name synonym)|K9E15.1(orf name)|At5g45250(locus name)","psi-mi:wrk52_arath(display_long)|RRS1(gene name)|psi-mi:RRS1(display_short)|Disease resistance protein RCH2(gene name synonym)|Disease resistance protein SLH1(gene name synonym)|Probable WRKY transcription factor 52(gene name synonym)|Protein RPS4-homolog(gene name synonym)|Protein SENSITIVE TO LOW HUMIDITY 1(gene name synonym)|RCH2(gene name synonym)|RRS1-S(gene name synonym)|RSH4(gene name synonym)|Resistance to Colletotrichum higginsianum 2 protein(gene name synonym)|Resistance to Ralstonia solanacearum 1 protein(gene name synonym)|SLH1(gene name synonym)|WRKY DNA-binding protein 52(gene name synonym)|WRKY52(gene name synonym)|K9E15.2/K9E15.3(orf name)|At5g45260/At5g45270(locus name)","psi-mi:""MI:0067""(light scattering)","Williams et al. (2014)","pubmed:24744375|doi:10.1126/science.1247357|imex:IM-24681","taxid:3702(arath)|taxid:3702(""Arabidopsis thaliana (Mouse-ear cress)"")","taxid:3702(arath)|taxid:3702(""Arabidopsis thaliana (Mouse-ear cress)"")","psi-mi:""MI:0407""(direct interaction)","psi-mi:""MI:0465""(DIP)","intact:EBI-16103005|imex:IM-24681-6|dip:DIP-199443E","intact-miscore:0.71","Arabidopsis thaliana","Arabidopsis thaliana"
"P0DKH5","Q9XGM3","intact:EBI-15211292|Q0WWA0|Q689Y9|Q8GZ83|Q9FH83|Q9FH84","intact:EBI-16102886","psi-mi:wrk52_arath(display_long)|RRS1(gene name)|psi-mi:RRS1(display_short)|Disease resistance protein RCH2(gene name synonym)|Disease resistance protein SLH1(gene name synonym)|Probable WRKY transcription factor 52(gene name synonym)|Protein RPS4-homolog(gene name synonym)|Protein SENSITIVE TO LOW HUMIDITY 1(gene name synonym)|RCH2(gene name synonym)|RRS1-S(gene name synonym)|RSH4(gene name synonym)|Resistance to Colletotrichum higginsianum 2 protein(gene name synonym)|Resistance to Ralstonia solanacearum 1 protein(gene name synonym)|SLH1(gene name synonym)|WRKY DNA-binding protein 52(gene name synonym)|WRKY52(gene name synonym)|K9E15.2/K9E15.3(orf name)|At5g45260/At5g45270(locus name)","psi-mi:rps4_arath(display_long)|""Probable NAD(+) hydrolase RPS4""(gene name synonym)|RPS4(gene name)|psi-mi:RPS4(display_short)|Resistance to Pseudomonas syringae 4(gene name synonym)|TIR-NBS-LRR class disease resistance protein(gene name synonym)|K9E15.1(orf name)|At5g45250(locus name)","psi-mi:""MI:0007""(anti tag coimmunoprecipitation)","Williams et al. (2014)","pubmed:24744375|doi:10.1126/science.1247357|imex:IM-24681","taxid:3702(arath)|taxid:3702(""Arabidopsis thaliana (Mouse-ear cress)"")","taxid:3702(arath)|taxid:3702(""Arabidopsis thaliana (Mouse-ear cress)"")","psi-mi:""MI:0914""(association)","psi-mi:""MI:0465""(DIP)","intact:EBI-16103055|imex:IM-24681-8|dip:DIP-199447E","intact-miscore:0.71","Arabidopsis thaliana","Arabidopsis thaliana"
"Q9XGM3","P0DKH5","intact:EBI-16102886","intact:EBI-15211292|Q0WWA0|Q689Y9|Q8GZ83|Q9FH83|Q9FH84","psi-mi:rps4_arath(display_long)|""Probable NAD(+) hydrolase RPS4""(gene name synonym)|RPS4(gene name)|psi-mi:RPS4(display_short)|Resistance to Pseudomonas syringae 4(gene name synonym)|TIR-NBS-LRR class disease resistance protein(gene name synonym)|K9E15.1(orf name)|At5g45250(locus name)","psi-mi:wrk52_arath(display_long)|RRS1(gene name)|psi-mi:RRS1(display_short)|Disease resistance protein RCH2(gene name synonym)|Disease resistance protein SLH1(gene name synonym)|Probable WRKY transcription factor 52(gene name synonym)|Protein RPS4-homolog(gene name synonym)|Protein SENSITIVE TO LOW HUMIDITY 1(gene name synonym)|RCH2(gene name synonym)|RRS1-S(gene name synonym)|RSH4(gene name synonym)|Resistance to Colletotrichum higginsianum 2 protein(gene name synonym)|Resistance to Ralstonia solanacearum 1 protein(gene name synonym)|SLH1(gene name synonym)|WRKY DNA-binding protein 52(gene name synonym)|WRKY52(gene name synonym)|K9E15.2/K9E15.3(orf name)|At5g45260/At5g45270(locus name)","psi-mi:""MI:0007""(anti tag coimmunoprecipitation)","Williams et al. (2014)","pubmed:24744375|doi:10.1126/science.1247357|imex:IM-24681","taxid:3702(arath)|taxid:3702(""Arabidopsis thaliana (Mouse-ear cress)"")","taxid:3702(arath)|taxid:3702(""Arabidopsis thaliana (Mouse-ear cress)"")","psi-mi:""MI:0915""(physical association)","psi-mi:""MI:0465""(DIP)","intact:EBI-16103106|imex:IM-24681-10|dip:DIP-199443E","intact-miscore:0.71","Arabidopsis thaliana","Arabidopsis thaliana"
"Q9XGM3","P0DKH5","intact:EBI-16102886","intact:EBI-15211292|Q0WWA0|Q689Y9|Q8GZ83|Q9FH83|Q9FH84","psi-mi:rps4_arath(display_long)|""Probable NAD(+) hydrolase RPS4""(gene name synonym)|RPS4(gene name)|psi-mi:RPS4(display_short)|Resistance to Pseudomonas syringae 4(gene name synonym)|TIR-NBS-LRR class disease resistance protein(gene name synonym)|K9E15.1(orf name)|At5g45250(locus name)","psi-mi:wrk52_arath(display_long)|RRS1(gene name)|psi-mi:RRS1(display_short)|Disease resistance protein RCH2(gene name synonym)|Disease resistance protein SLH1(gene name synonym)|Probable WRKY transcription factor 52(gene name synonym)|Protein RPS4-homolog(gene name synonym)|Protein SENSITIVE TO LOW HUMIDITY 1(gene name synonym)|RCH2(gene name synonym)|RRS1-S(gene name synonym)|RSH4(gene name synonym)|Resistance to Colletotrichum higginsianum 2 protein(gene name synonym)|Resistance to Ralstonia solanacearum 1 protein(gene name synonym)|SLH1(gene name synonym)|WRKY DNA-binding protein 52(gene name synonym)|WRKY52(gene name synonym)|K9E15.2/K9E15.3(orf name)|At5g45260/At5g45270(locus name)","psi-mi:""MI:0071""(molecular sieving)","Williams et al. (2014)","pubmed:24744375|doi:10.1126/science.1247357|imex:IM-24681","taxid:3702(arath)|taxid:3702(""Arabidopsis thaliana (Mouse-ear cress)"")","taxid:3702(arath)|taxid:3702(""Arabidopsis thaliana (Mouse-ear cress)"")","psi-mi:""MI:0407""(direct interaction)","psi-mi:""MI:0465""(DIP)","intact:EBI-16103131|imex:IM-24681-11|dip:DIP-199443E","intact-miscore:0.71","Arabidopsis thaliana","Arabidopsis thaliana"
"Q9XGM3","P0DKH5","intact:EBI-16102886","intact:EBI-15211292|Q0WWA0|Q689Y9|Q8GZ83|Q9FH83|Q9FH84","psi-mi:rps4_arath(display_long)|""Probable NAD(+) hydrolase RPS4""(gene name synonym)|RPS4(gene name)|psi-mi:RPS4(display_short)|Resistance to Pseudomonas syringae 4(gene name synonym)|TIR-NBS-LRR class disease resistance protein(gene name synonym)|K9E15.1(orf name)|At5g45250(locus name)","psi-mi:wrk52_arath(display_long)|RRS1(gene name)|psi-mi:RRS1(display_short)|Disease resistance protein RCH2(gene name synonym)|Disease resistance protein SLH1(gene name synonym)|Probable WRKY transcription factor 52(gene name synonym)|Protein RPS4-homolog(gene name synonym)|Protein SENSITIVE TO LOW HUMIDITY 1(gene name synonym)|RCH2(gene name synonym)|RRS1-S(gene name synonym)|RSH4(gene name synonym)|Resistance to Colletotrichum higginsianum 2 protein(gene name synonym)|Resistance to Ralstonia solanacearum 1 protein(gene name synonym)|SLH1(gene name synonym)|WRKY DNA-binding protein 52(gene name synonym)|WRKY52(gene name synonym)|K9E15.2/K9E15.3(orf name)|At5g45260/At5g45270(locus name)","psi-mi:""MI:0007""(anti tag coimmunoprecipitation)","Williams et al. (2014)","pubmed:24744375|doi:10.1126/science.1247357|imex:IM-24681","taxid:3702(arath)|taxid:3702(""Arabidopsis thaliana (Mouse-ear cress)"")","taxid:3702(arath)|taxid:3702(""Arabidopsis thaliana (Mouse-ear cress)"")","psi-mi:""MI:0915""(physical association)","psi-mi:""MI:0465""(DIP)","intact:EBI-16103155|imex:IM-24681-12|dip:DIP-199443E","intact-miscore:0.71","Arabidopsis thaliana","Arabidopsis thaliana"
"Q9XGM3","P0DKH5","intact:EBI-16102886","intact:EBI-15211292|Q0WWA0|Q689Y9|Q8GZ83|Q9FH83|Q9FH84","psi-mi:rps4_arath(display_long)|""Probable NAD(+) hydrolase RPS4""(gene name synonym)|RPS4(gene name)|psi-mi:RPS4(display_short)|Resistance to Pseudomonas syringae 4(gene name synonym)|TIR-NBS-LRR class disease resistance protein(gene name synonym)|K9E15.1(orf name)|At5g45250(locus name)","psi-mi:wrk52_arath(display_long)|RRS1(gene name)|psi-mi:RRS1(display_short)|Disease resistance protein RCH2(gene name synonym)|Disease resistance protein SLH1(gene name synonym)|Probable WRKY transcription factor 52(gene name synonym)|Protein RPS4-homolog(gene name synonym)|Protein SENSITIVE TO LOW HUMIDITY 1(gene name synonym)|RCH2(gene name synonym)|RRS1-S(gene name synonym)|RSH4(gene name synonym)|Resistance to Colletotrichum higginsianum 2 protein(gene name synonym)|Resistance to Ralstonia solanacearum 1 protein(gene name synonym)|SLH1(gene name synonym)|WRKY DNA-binding protein 52(gene name synonym)|WRKY52(gene name synonym)|K9E15.2/K9E15.3(orf name)|At5g45260/At5g45270(locus name)","psi-mi:""MI:0007""(anti tag coimmunoprecipitation)","Williams et al. (2014)","pubmed:24744375|doi:10.1126/science.1247357|imex:IM-24681","taxid:3702(arath)|taxid:3702(""Arabidopsis thaliana (Mouse-ear cress)"")","taxid:3702(arath)|taxid:3702(""Arabidopsis thaliana (Mouse-ear cress)"")","psi-mi:""MI:0915""(physical association)","psi-mi:""MI:0465""(DIP)","intact:EBI-16103197|imex:IM-24681-14|dip:DIP-199443E","intact-miscore:0.71","Arabidopsis thaliana","Arabidopsis thaliana"
"P0DKH5","Q9XGM3","intact:EBI-15211292|Q0WWA0|Q689Y9|Q8GZ83|Q9FH83|Q9FH84","intact:EBI-16102886","psi-mi:wrk52_arath(display_long)|RRS1(gene name)|psi-mi:RRS1(display_short)|Disease resistance protein RCH2(gene name synonym)|Disease resistance protein SLH1(gene name synonym)|Probable WRKY transcription factor 52(gene name synonym)|Protein RPS4-homolog(gene name synonym)|Protein SENSITIVE TO LOW HUMIDITY 1(gene name synonym)|RCH2(gene name synonym)|RRS1-S(gene name synonym)|RSH4(gene name synonym)|Resistance to Colletotrichum higginsianum 2 protein(gene name synonym)|Resistance to Ralstonia solanacearum 1 protein(gene name synonym)|SLH1(gene name synonym)|WRKY DNA-binding protein 52(gene name synonym)|WRKY52(gene name synonym)|K9E15.2/K9E15.3(orf name)|At5g45260/At5g45270(locus name)","psi-mi:rps4_arath(display_long)|""Probable NAD(+) hydrolase RPS4""(gene name synonym)|RPS4(gene name)|psi-mi:RPS4(display_short)|Resistance to Pseudomonas syringae 4(gene name synonym)|TIR-NBS-LRR class disease resistance protein(gene name synonym)|K9E15.1(orf name)|At5g45250(locus name)","psi-mi:""MI:0007""(anti tag coimmunoprecipitation)","Williams et al. (2014)","pubmed:24744375|doi:10.1126/science.1247357|imex:IM-24681","taxid:3702(arath)|taxid:3702(""Arabidopsis thaliana (Mouse-ear cress)"")","taxid:3702(arath)|taxid:3702(""Arabidopsis thaliana (Mouse-ear cress)"")","psi-mi:""MI:0914""(association)","psi-mi:""MI:0465""(DIP)","intact:EBI-16103232|imex:IM-24681-15|dip:DIP-199445E","intact-miscore:0.71","Arabidopsis thaliana","Arabidopsis thaliana"
"Q9XGM3","P0DKH5","intact:EBI-16102886","intact:EBI-15211292|Q0WWA0|Q689Y9|Q8GZ83|Q9FH83|Q9FH84","psi-mi:rps4_arath(display_long)|""Probable NAD(+) hydrolase RPS4""(gene name synonym)|RPS4(gene name)|psi-mi:RPS4(display_short)|Resistance to Pseudomonas syringae 4(gene name synonym)|TIR-NBS-LRR class disease resistance protein(gene name synonym)|K9E15.1(orf name)|At5g45250(locus name)","psi-mi:wrk52_arath(display_long)|RRS1(gene name)|psi-mi:RRS1(display_short)|Disease resistance protein RCH2(gene name synonym)|Disease resistance protein SLH1(gene name synonym)|Probable WRKY transcription factor 52(gene name synonym)|Protein RPS4-homolog(gene name synonym)|Protein SENSITIVE TO LOW HUMIDITY 1(gene name synonym)|RCH2(gene name synonym)|RRS1-S(gene name synonym)|RSH4(gene name synonym)|Resistance to Colletotrichum higginsianum 2 protein(gene name synonym)|Resistance to Ralstonia solanacearum 1 protein(gene name synonym)|SLH1(gene name synonym)|WRKY DNA-binding protein 52(gene name synonym)|WRKY52(gene name synonym)|K9E15.2/K9E15.3(orf name)|At5g45260/At5g45270(locus name)","psi-mi:""MI:0018""(two hybrid)","Williams et al. (2014)","pubmed:24744375|doi:10.1126/science.1247357|imex:IM-24681","taxid:3702(arath)|taxid:3702(""Arabidopsis thaliana (Mouse-ear cress)"")","taxid:3702(arath)|taxid:3702(""Arabidopsis thaliana (Mouse-ear cress)"")","psi-mi:""MI:0915""(physical association)","psi-mi:""MI:0465""(DIP)","intact:EBI-16103321|imex:IM-24681-19|dip:DIP-199443E","intact-miscore:0.71","Arabidopsis thaliana","Arabidopsis thaliana"
"Q9XGM3","P0DKH5","intact:EBI-16102886","intact:EBI-15211292|Q0WWA0|Q689Y9|Q8GZ83|Q9FH83|Q9FH84","psi-mi:rps4_arath(display_long)|""Probable NAD(+) hydrolase RPS4""(gene name synonym)|RPS4(gene name)|psi-mi:RPS4(display_short)|Resistance to Pseudomonas syringae 4(gene name synonym)|TIR-NBS-LRR class disease resistance protein(gene name synonym)|K9E15.1(orf name)|At5g45250(locus name)","psi-mi:wrk52_arath(display_long)|RRS1(gene name)|psi-mi:RRS1(display_short)|Disease resistance protein RCH2(gene name synonym)|Disease resistance protein SLH1(gene name synonym)|Probable WRKY transcription factor 52(gene name synonym)|Protein RPS4-homolog(gene name synonym)|Protein SENSITIVE TO LOW HUMIDITY 1(gene name synonym)|RCH2(gene name synonym)|RRS1-S(gene name synonym)|RSH4(gene name synonym)|Resistance to Colletotrichum higginsianum 2 protein(gene name synonym)|Resistance to Ralstonia solanacearum 1 protein(gene name synonym)|SLH1(gene name synonym)|WRKY DNA-binding protein 52(gene name synonym)|WRKY52(gene name synonym)|K9E15.2/K9E15.3(orf name)|At5g45260/At5g45270(locus name)","psi-mi:""MI:0007""(anti tag coimmunoprecipitation)","Williams et al. (2014)","pubmed:24744375|doi:10.1126/science.1247357|imex:IM-24681","taxid:3702(arath)|taxid:3702(""Arabidopsis thaliana (Mouse-ear cress)"")","taxid:3702(arath)|taxid:3702(""Arabidopsis thaliana (Mouse-ear cress)"")","psi-mi:""MI:0915""(physical association)","psi-mi:""MI:0465""(DIP)","intact:EBI-16103300|imex:IM-24681-18|dip:DIP-199443E","intact-miscore:0.71","Arabidopsis thaliana","Arabidopsis thaliana"
"Q9XGM3","P0DKH5","intact:EBI-16102886","intact:EBI-15211292|Q0WWA0|Q689Y9|Q8GZ83|Q9FH83|Q9FH84","psi-mi:rps4_arath(display_long)|""Probable NAD(+) hydrolase RPS4""(gene name synonym)|RPS4(gene name)|psi-mi:RPS4(display_short)|Resistance to Pseudomonas syringae 4(gene name synonym)|TIR-NBS-LRR class disease resistance protein(gene name synonym)|K9E15.1(orf name)|At5g45250(locus name)","psi-mi:wrk52_arath(display_long)|RRS1(gene name)|psi-mi:RRS1(display_short)|Disease resistance protein RCH2(gene name synonym)|Disease resistance protein SLH1(gene name synonym)|Probable WRKY transcription factor 52(gene name synonym)|Protein RPS4-homolog(gene name synonym)|Protein SENSITIVE TO LOW HUMIDITY 1(gene name synonym)|RCH2(gene name synonym)|RRS1-S(gene name synonym)|RSH4(gene name synonym)|Resistance to Colletotrichum higginsianum 2 protein(gene name synonym)|Resistance to Ralstonia solanacearum 1 protein(gene name synonym)|SLH1(gene name synonym)|WRKY DNA-binding protein 52(gene name synonym)|WRKY52(gene name synonym)|K9E15.2/K9E15.3(orf name)|At5g45260/At5g45270(locus name)","psi-mi:""MI:0826""(x ray scattering)","Williams et al. (2014)","pubmed:24744375|doi:10.1126/science.1247357|imex:IM-24681","taxid:3702(arath)|taxid:3702(""Arabidopsis thaliana (Mouse-ear cress)"")","taxid:3702(arath)|taxid:3702(""Arabidopsis thaliana (Mouse-ear cress)"")","psi-mi:""MI:0407""(direct interaction)","psi-mi:""MI:0465""(DIP)","intact:EBI-16103342|imex:IM-24681-20|dip:DIP-199443E","intact-miscore:0.71","Arabidopsis thaliana","Arabidopsis thaliana"
"Q9XGM3","P0DKH5","intact:EBI-16102886","intact:EBI-15211292|Q0WWA0|Q689Y9|Q8GZ83|Q9FH83|Q9FH84","psi-mi:rps4_arath(display_long)|""Probable NAD(+) hydrolase RPS4""(gene name synonym)|RPS4(gene name)|psi-mi:RPS4(display_short)|Resistance to Pseudomonas syringae 4(gene name synonym)|TIR-NBS-LRR class disease resistance protein(gene name synonym)|K9E15.1(orf name)|At5g45250(locus name)","psi-mi:wrk52_arath(display_long)|RRS1(gene name)|psi-mi:RRS1(display_short)|Disease resistance protein RCH2(gene name synonym)|Disease resistance protein SLH1(gene name synonym)|Probable WRKY transcription factor 52(gene name synonym)|Protein RPS4-homolog(gene name synonym)|Protein SENSITIVE TO LOW HUMIDITY 1(gene name synonym)|RCH2(gene name synonym)|RRS1-S(gene name synonym)|RSH4(gene name synonym)|Resistance to Colletotrichum higginsianum 2 protein(gene name synonym)|Resistance to Ralstonia solanacearum 1 protein(gene name synonym)|SLH1(gene name synonym)|WRKY DNA-binding protein 52(gene name synonym)|WRKY52(gene name synonym)|K9E15.2/K9E15.3(orf name)|At5g45260/At5g45270(locus name)","psi-mi:""MI:0018""(two hybrid)","Williams et al. (2014)","pubmed:24744375|doi:10.1126/science.1247357|imex:IM-24681","taxid:3702(arath)|taxid:3702(""Arabidopsis thaliana (Mouse-ear cress)"")","taxid:3702(arath)|taxid:3702(""Arabidopsis thaliana (Mouse-ear cress)"")","psi-mi:""MI:0915""(physical association)","psi-mi:""MI:0465""(DIP)","intact:EBI-16103384|imex:IM-24681-22|dip:DIP-199443E","intact-miscore:0.71","Arabidopsis thaliana","Arabidopsis thaliana"
"Q9XGM3","P0DKH5","intact:EBI-16102886","intact:EBI-15211292|Q0WWA0|Q689Y9|Q8GZ83|Q9FH83|Q9FH84","psi-mi:rps4_arath(display_long)|""Probable NAD(+) hydrolase RPS4""(gene name synonym)|RPS4(gene name)|psi-mi:RPS4(display_short)|Resistance to Pseudomonas syringae 4(gene name synonym)|TIR-NBS-LRR class disease resistance protein(gene name synonym)|K9E15.1(orf name)|At5g45250(locus name)","psi-mi:wrk52_arath(display_long)|RRS1(gene name)|psi-mi:RRS1(display_short)|Disease resistance protein RCH2(gene name synonym)|Disease resistance protein SLH1(gene name synonym)|Probable WRKY transcription factor 52(gene name synonym)|Protein RPS4-homolog(gene name synonym)|Protein SENSITIVE TO LOW HUMIDITY 1(gene name synonym)|RCH2(gene name synonym)|RRS1-S(gene name synonym)|RSH4(gene name synonym)|Resistance to Colletotrichum higginsianum 2 protein(gene name synonym)|Resistance to Ralstonia solanacearum 1 protein(gene name synonym)|SLH1(gene name synonym)|WRKY DNA-binding protein 52(gene name synonym)|WRKY52(gene name synonym)|K9E15.2/K9E15.3(orf name)|At5g45260/At5g45270(locus name)","psi-mi:""MI:0018""(two hybrid)","Williams et al. (2014)","pubmed:24744375|doi:10.1126/science.1247357|imex:IM-24681","taxid:3702(arath)|taxid:3702(""Arabidopsis thaliana (Mouse-ear cress)"")","taxid:3702(arath)|taxid:3702(""Arabidopsis thaliana (Mouse-ear cress)"")","psi-mi:""MI:0915""(physical association)","psi-mi:""MI:0465""(DIP)","intact:EBI-16103478|imex:IM-24681-25|dip:DIP-199443E","intact-miscore:0.71","Arabidopsis thaliana","Arabidopsis thaliana"
"Q9XGM3","P0DKH5","intact:EBI-16102886","intact:EBI-15211292|Q0WWA0|Q689Y9|Q8GZ83|Q9FH83|Q9FH84","psi-mi:rps4_arath(display_long)|""Probable NAD(+) hydrolase RPS4""(gene name synonym)|RPS4(gene name)|psi-mi:RPS4(display_short)|Resistance to Pseudomonas syringae 4(gene name synonym)|TIR-NBS-LRR class disease resistance protein(gene name synonym)|K9E15.1(orf name)|At5g45250(locus name)","psi-mi:wrk52_arath(display_long)|RRS1(gene name)|psi-mi:RRS1(display_short)|Disease resistance protein RCH2(gene name synonym)|Disease resistance protein SLH1(gene name synonym)|Probable WRKY transcription factor 52(gene name synonym)|Protein RPS4-homolog(gene name synonym)|Protein SENSITIVE TO LOW HUMIDITY 1(gene name synonym)|RCH2(gene name synonym)|RRS1-S(gene name synonym)|RSH4(gene name synonym)|Resistance to Colletotrichum higginsianum 2 protein(gene name synonym)|Resistance to Ralstonia solanacearum 1 protein(gene name synonym)|SLH1(gene name synonym)|WRKY DNA-binding protein 52(gene name synonym)|WRKY52(gene name synonym)|K9E15.2/K9E15.3(orf name)|At5g45260/At5g45270(locus name)","psi-mi:""MI:0067""(light scattering)","Williams et al. (2014)","pubmed:24744375|doi:10.1126/science.1247357|imex:IM-24681","taxid:3702(arath)|taxid:3702(""Arabidopsis thaliana (Mouse-ear cress)"")","taxid:3702(arath)|taxid:3702(""Arabidopsis thaliana (Mouse-ear cress)"")","psi-mi:""MI:0407""(direct interaction)","psi-mi:""MI:0465""(DIP)","intact:EBI-16103454|imex:IM-24681-24|dip:DIP-199443E","intact-miscore:0.71","Arabidopsis thaliana","Arabidopsis thaliana"
"Q9XGM3","P0DKH5","intact:EBI-16102886","intact:EBI-15211292|Q0WWA0|Q689Y9|Q8GZ83|Q9FH83|Q9FH84","psi-mi:rps4_arath(display_long)|""Probable NAD(+) hydrolase RPS4""(gene name synonym)|RPS4(gene name)|psi-mi:RPS4(display_short)|Resistance to Pseudomonas syringae 4(gene name synonym)|TIR-NBS-LRR class disease resistance protein(gene name synonym)|K9E15.1(orf name)|At5g45250(locus name)","psi-mi:wrk52_arath(display_long)|RRS1(gene name)|psi-mi:RRS1(display_short)|Disease resistance protein RCH2(gene name synonym)|Disease resistance protein SLH1(gene name synonym)|Probable WRKY transcription factor 52(gene name synonym)|Protein RPS4-homolog(gene name synonym)|Protein SENSITIVE TO LOW HUMIDITY 1(gene name synonym)|RCH2(gene name synonym)|RRS1-S(gene name synonym)|RSH4(gene name synonym)|Resistance to Colletotrichum higginsianum 2 protein(gene name synonym)|Resistance to Ralstonia solanacearum 1 protein(gene name synonym)|SLH1(gene name synonym)|WRKY DNA-binding protein 52(gene name synonym)|WRKY52(gene name synonym)|K9E15.2/K9E15.3(orf name)|At5g45260/At5g45270(locus name)","psi-mi:""MI:0007""(anti tag coimmunoprecipitation)","Williams et al. (2014)","pubmed:24744375|doi:10.1126/science.1247357|imex:IM-24681","taxid:3702(arath)|taxid:3702(""Arabidopsis thaliana (Mouse-ear cress)"")","taxid:3702(arath)|taxid:3702(""Arabidopsis thaliana (Mouse-ear cress)"")","psi-mi:""MI:0915""(physical association)","psi-mi:""MI:0465""(DIP)","intact:EBI-16103524|imex:IM-24681-26|dip:DIP-199443E","intact-miscore:0.71","Arabidopsis thaliana","Arabidopsis thaliana"
"Q9XGM3","P0DKH5","intact:EBI-16102886","intact:EBI-15211292|Q0WWA0|Q689Y9|Q8GZ83|Q9FH83|Q9FH84","psi-mi:rps4_arath(display_long)|""Probable NAD(+) hydrolase RPS4""(gene name synonym)|RPS4(gene name)|psi-mi:RPS4(display_short)|Resistance to Pseudomonas syringae 4(gene name synonym)|TIR-NBS-LRR class disease resistance protein(gene name synonym)|K9E15.1(orf name)|At5g45250(locus name)","psi-mi:wrk52_arath(display_long)|RRS1(gene name)|psi-mi:RRS1(display_short)|Disease resistance protein RCH2(gene name synonym)|Disease resistance protein SLH1(gene name synonym)|Probable WRKY transcription factor 52(gene name synonym)|Protein RPS4-homolog(gene name synonym)|Protein SENSITIVE TO LOW HUMIDITY 1(gene name synonym)|RCH2(gene name synonym)|RRS1-S(gene name synonym)|RSH4(gene name synonym)|Resistance to Colletotrichum higginsianum 2 protein(gene name synonym)|Resistance to Ralstonia solanacearum 1 protein(gene name synonym)|SLH1(gene name synonym)|WRKY DNA-binding protein 52(gene name synonym)|WRKY52(gene name synonym)|K9E15.2/K9E15.3(orf name)|At5g45260/At5g45270(locus name)","psi-mi:""MI:0065""(isothermal titration calorimetry)","Williams et al. (2014)","pubmed:24744375|doi:10.1126/science.1247357|imex:IM-24681","taxid:3702(arath)|taxid:3702(""Arabidopsis thaliana (Mouse-ear cress)"")","taxid:3702(arath)|taxid:3702(""Arabidopsis thaliana (Mouse-ear cress)"")","psi-mi:""MI:0407""(direct interaction)","psi-mi:""MI:0465""(DIP)","intact:EBI-16103549|imex:IM-24681-27|dip:DIP-199443E","intact-miscore:0.71","Arabidopsis thaliana","Arabidopsis thaliana"
"Q8Y125","Q9XGM3","intact:EBI-16103222","intact:EBI-16102886","psi-mi:q8y125_ralso(display_long)|popP2(gene name)|psi-mi:popP2(display_short)|RSc0868(locus name)","psi-mi:rps4_arath(display_long)|""Probable NAD(+) hydrolase RPS4""(gene name synonym)|RPS4(gene name)|psi-mi:RPS4(display_short)|Resistance to Pseudomonas syringae 4(gene name synonym)|TIR-NBS-LRR class disease resistance protein(gene name synonym)|K9E15.1(orf name)|At5g45250(locus name)","psi-mi:""MI:0007""(anti tag coimmunoprecipitation)","Williams et al. (2014)","pubmed:24744375|doi:10.1126/science.1247357|imex:IM-24681","taxid:267608(ralso)|taxid:267608(ralso)","taxid:3702(arath)|taxid:3702(""Arabidopsis thaliana (Mouse-ear cress)"")","psi-mi:""MI:0914""(association)","psi-mi:""MI:0465""(DIP)","intact:EBI-16103573|imex:IM-24681-28|dip:DIP-199445E","intact-miscore:0.35","Pseudomonas solanacearum","Arabidopsis thaliana"
"Q9XGM3","P0DKH5","intact:EBI-16102886","intact:EBI-15211292|Q0WWA0|Q689Y9|Q8GZ83|Q9FH83|Q9FH84","psi-mi:rps4_arath(display_long)|""Probable NAD(+) hydrolase RPS4""(gene name synonym)|RPS4(gene name)|psi-mi:RPS4(display_short)|Resistance to Pseudomonas syringae 4(gene name synonym)|TIR-NBS-LRR class disease resistance protein(gene name synonym)|K9E15.1(orf name)|At5g45250(locus name)","psi-mi:wrk52_arath(display_long)|RRS1(gene name)|psi-mi:RRS1(display_short)|Disease resistance protein RCH2(gene name synonym)|Disease resistance protein SLH1(gene name synonym)|Probable WRKY transcription factor 52(gene name synonym)|Protein RPS4-homolog(gene name synonym)|Protein SENSITIVE TO LOW HUMIDITY 1(gene name synonym)|RCH2(gene name synonym)|RRS1-S(gene name synonym)|RSH4(gene name synonym)|Resistance to Colletotrichum higginsianum 2 protein(gene name synonym)|Resistance to Ralstonia solanacearum 1 protein(gene name synonym)|SLH1(gene name synonym)|WRKY DNA-binding protein 52(gene name synonym)|WRKY52(gene name synonym)|K9E15.2/K9E15.3(orf name)|At5g45260/At5g45270(locus name)","psi-mi:""MI:0096""(pull down)","Williams et al. (2014)","pubmed:24744375|doi:10.1126/science.1247357|imex:IM-24681","taxid:3702(arath)|taxid:3702(""Arabidopsis thaliana (Mouse-ear cress)"")","taxid:3702(arath)|taxid:3702(""Arabidopsis thaliana (Mouse-ear cress)"")","psi-mi:""MI:0407""(direct interaction)","psi-mi:""MI:0465""(DIP)","intact:EBI-16103712|imex:IM-24681-33|dip:DIP-199443E","intact-miscore:0.71","Arabidopsis thaliana","Arabidopsis thaliana"
"Q9XGM3","P0DKH5","intact:EBI-16102886","intact:EBI-15211292|Q0WWA0|Q689Y9|Q8GZ83|Q9FH83|Q9FH84","psi-mi:rps4_arath(display_long)|""Probable NAD(+) hydrolase RPS4""(gene name synonym)|RPS4(gene name)|psi-mi:RPS4(display_short)|Resistance to Pseudomonas syringae 4(gene name synonym)|TIR-NBS-LRR class disease resistance protein(gene name synonym)|K9E15.1(orf name)|At5g45250(locus name)","psi-mi:wrk52_arath(display_long)|RRS1(gene name)|psi-mi:RRS1(display_short)|Disease resistance protein RCH2(gene name synonym)|Disease resistance protein SLH1(gene name synonym)|Probable WRKY transcription factor 52(gene name synonym)|Protein RPS4-homolog(gene name synonym)|Protein SENSITIVE TO LOW HUMIDITY 1(gene name synonym)|RCH2(gene name synonym)|RRS1-S(gene name synonym)|RSH4(gene name synonym)|Resistance to Colletotrichum higginsianum 2 protein(gene name synonym)|Resistance to Ralstonia solanacearum 1 protein(gene name synonym)|SLH1(gene name synonym)|WRKY DNA-binding protein 52(gene name synonym)|WRKY52(gene name synonym)|K9E15.2/K9E15.3(orf name)|At5g45260/At5g45270(locus name)","psi-mi:""MI:0071""(molecular sieving)","Williams et al. (2014)","pubmed:24744375|doi:10.1126/science.1247357|imex:IM-24681","taxid:3702(arath)|taxid:3702(""Arabidopsis thaliana (Mouse-ear cress)"")","taxid:3702(arath)|taxid:3702(""Arabidopsis thaliana (Mouse-ear cress)"")","psi-mi:""MI:0407""(direct interaction)","psi-mi:""MI:0465""(DIP)","intact:EBI-16103759|imex:IM-24681-35|dip:DIP-199443E","intact-miscore:0.71","Arabidopsis thaliana","Arabidopsis thaliana"
"Q42484","Q9SU30","intact:EBI-2270354|O82096|Q8L3R0|Q8L3W3|Q8L4X9|Q9ASP5|Q8L4Y0|Q8L587|Q8L5B3|Q8LKZ8|Q8LKZ9|Q8LL00|Q8LL01","intact:EBI-15941797|Q0WNU7","psi-mi:rps2_arath(display_long)|RPS2(gene name)|psi-mi:RPS2(display_short)|Resistance to Pseudomonas syringae protein 2(gene name synonym)|F20B18.200(orf name)|At4g26090(locus name)","psi-mi:cpr1_arath(display_long)|CPR1(gene name)|psi-mi:CPR1(display_short)|CPR30(gene name synonym)|Protein CONSTITUTIVE EXPRESSER OF PR GENES 1(gene name synonym)|Protein CONSTITUTIVE EXPRESSER OF PR GENES 30(gene name synonym)|T1P17.150(orf name)|At4g12560(locus name)","psi-mi:""MI:0007""(anti tag coimmunoprecipitation)","Cheng et al. (2011)","pubmed:21873230|doi:10.1073/pnas.1105685108|imex:IM-17748","taxid:3702(arath)|taxid:3702(""Arabidopsis thaliana (Mouse-ear cress)"")","taxid:3702(arath)|taxid:3702(""Arabidopsis thaliana (Mouse-ear cress)"")","psi-mi:""MI:0915""(physical association)","psi-mi:""MI:0465""(DIP)","intact:EBI-15941863|imex:IM-17748-3|dip:DIP-189156E","intact-miscore:0.40","Arabidopsis thaliana","Arabidopsis thaliana"
"intact:EBI-9833933","Q93Z00","-","intact:EBI-4424563|Q9SN76","psi-mi:hopbb1_psesmori(display_short)|psi-mi:EBI-9833933(display_long)","psi-mi:tcp14_arath(display_long)|TCP14(gene name)|psi-mi:TCP14(display_short)|F1P2.170(orf name)|At3g47620(locus name)","psi-mi:""MI:0007""(anti tag coimmunoprecipitation)","Weling et al. (2014)","pubmed:25211078|imex:IM-23163","taxid:629261(psesm_str_301020)|taxid:629261(Pseudomonas syringae pv. mori str. 301020)","taxid:3702(arath)|taxid:3702(""Arabidopsis thaliana (Mouse-ear cress)"")","psi-mi:""MI:0915""(physical association)","psi-mi:""MI:0469""(IntAct)","intact:EBI-9838033|imex:IM-23163-1","intact-miscore:0.46","not","not"
"Q93Z00","intact:EBI-9833933","intact:EBI-4424563|Q9SN76","-","psi-mi:tcp14_arath(display_long)|TCP14(gene name)|psi-mi:TCP14(display_short)|F1P2.170(orf name)|At3g47620(locus name)","psi-mi:hopbb1_psesmori(display_short)|psi-mi:EBI-9833933(display_long)","psi-mi:""MI:0663""(confocal microscopy)","Weling et al. (2014)","pubmed:25211078|imex:IM-23163","taxid:3702(arath)|taxid:3702(""Arabidopsis thaliana (Mouse-ear cress)"")","taxid:629261(psesm_str_301020)|taxid:629261(Pseudomonas syringae pv. mori str. 301020)","psi-mi:""MI:0403""(colocalization)","psi-mi:""MI:0469""(IntAct)","intact:EBI-9838088|imex:IM-23163-4","intact-miscore:0.46","not","not"
